kind,etag,id,publishedAt,channelId,title,description,thumbnails,channelTitle,tags,categoryId,liveBroadcastContent,defaultLanguage,videoDuration,videoDimension,videoDefinition,videoCaption,videoLicensedContent,videoProjection,viewCount,likeCount,favouriteCount,commentCount
youtube#video,TVirHsG2qIXQGZmVZxH9PScElSM,1aOTsDvuY5o,2021-12-09T15:00:11Z,UCR5wZcXtOUka8jTA57flzMg,Burak Bulut & Ebru YaÅŸar & KurtuluÅŸ KuÅŸ - Ä°Ã§ime Ata Ata,"Burak Bulut & Ebru YaÅŸar & KurtuluÅŸ KuÅŸ'un, E.Y MÃ¼zik & Mahzen & DMC etiketiyle yayÄ±nlanan ""Ä°Ã§ime Ata Ata"" isimli tekli Ã§alÄ±ÅŸmasÄ±, 4K Ã§Ã¶zÃ¼nÃ¼rlÃ¼ÄŸÃ¼nde video klibiyle netd mÃ¼zik'te. 
  
SÃ¶z - MÃ¼zik : DoÄŸanay Karadeniz
DÃ¼zenleme: Mustafa Ceceli
Buzuki: Ali YÄ±lmaz 
PerkÃ¼syon: Erdem DalkÄ±ran 
Gitar,Cajon: Mustafa Ceceli
Mix-Mastering: Koray PÃ¼skÃ¼l
YÃ¶netmen: Ecem GÃ¼ndoÄŸdu
GÃ¶rÃ¼ntÃ¼ Yonetmeni: Veli Kuzlu
KurtuluÅŸ / Burak Styling: Geco Store  
Ebru YaÅŸar Styling: Mehtap Stefou 
Supervisor / A&R : Melisa Avuncan
ProdÃ¼ktÃ¶r: Tolga Aykut 
Styling : Geco Styling

netd mÃ¼zik'te bu ay http://bit.ly/nd-eniyi
Yeni Hit ÅarkÄ±lar http://bit.ly/nd-yenihit
TÃ¼rkÃ§e Pop http://bit.ly/nd-pop2022
 
""Ä°Ã§ime Ata Ata"" ÅŸarkÄ± sÃ¶zleri ile 

GÃ¼zel gÃ¼nlerin anÄ±sÄ±na inat
Beni kalbine yazdÄ±ÄŸÄ±n gibi de sil at 
AÅŸkÄ± harcadÄ±m bir ÅŸiÅŸe kadarÄ±m inan
Sensiz bir an sana deÄŸil bana zarar
Bu sana son iltimasÄ±m
Daha yokluÄŸuna yok bir itirazÄ±m
SuskunluÄŸumun da dili var ama onu anlayacak bir yÃ¼rek lazÄ±m

Ä°Ã§ime ata ata kadehini vuruyorum masalara
Bu gece yarama meze olur anÄ±lar
Kardan zarar katar acÄ±lar 
YapÄ±ÅŸÄ±r bana yaka paÃ§a

Facebook http://bit.ly/nd-f
Twitter http://bit.ly/nd-tw
Instagram http://bit.ly/nd-ins
YouTube http://bit.ly/nd-yt
#kurtuluÅŸkuÅŸ #burakbulut #ebruyaÅŸar","{'default': {'url': 'https://i.ytimg.com/vi/1aOTsDvuY5o/default.jpg', 'width': 120, 'height': 90}, 'medium': {'url': 'https://i.ytimg.com/vi/1aOTsDvuY5o/mqdefault.jpg', 'width': 320, 'height': 180}, 'high': {'url': 'https://i.ytimg.com/vi/1aOTsDvuY5o/hqdefault.jpg', 'width': 480, 'height': 360}, 'standard': {'url': 'https://i.ytimg.com/vi/1aOTsDvuY5o/sddefault.jpg', 'width': 640, 'height': 480}, 'maxres': {'url': 'https://i.ytimg.com/vi/1aOTsDvuY5o/maxresdefault.jpg', 'width': 1280, 'height': 720}}",netd mÃ¼zik,"['netd MÃ¼zik', 'Musik', 'musiqi', 'Ğ¼ÑƒĞ·Ğ¸ĞºĞ°', 'muziek', 'musique', 'musiqaa', 'Ù…ÙˆØ³ÙŠÙ‚Ù‰', 'ÅŸarkÄ±lar', 'ÅŸarkÄ±', 'mÃ¼zik', 'Official', 'netd', 'Hit ÅarkÄ±lar', 'izle', 'klip', 'Top 10', 'top 20', 'en hit', 'Ã§ok dinlenen', 'yeni ÅŸarkÄ±lar', 'en yeni ÅŸarkÄ±lar', '2021 hit ÅŸarkÄ±lar', 'Turkish Music', 'turca musica', 'TÃ¼rkÃ§e MÃ¼zik', 'Turkish Pop', '2021 tÃ¼rkÃ§e pop', 'pop ÅŸarkÄ±lar', 'TÃ¼rkÃ§e pop', 'Burak Bulut & Ebru YaÅŸar & KurtuluÅŸ KuÅŸ - Ä°Ã§ime Ata Ata', 'Burak Bulut', 'Ebru YaÅŸar', 'KurtuluÅŸ KuÅŸ', 'Ä°Ã§ime Ata Ata']",10,none,tr,PT2M52S,2d,hd,true,True,rectangular,153553126,644778,0,21319
youtube#video,WAtsGUjIKJTdLw907NZrapkz6_o,MJOw24mP4X8,2021-12-08T13:15:01Z,UCR5wZcXtOUka8jTA57flzMg,Semicenk - DÃ¼ÅŸer AklÄ±ma,"Semicenk'in, Eva Records etiketiyle yayÄ±nlanan ""DÃ¼ÅŸer AklÄ±ma"" isimli tekli Ã§alÄ±ÅŸmasÄ±, 4K Ã§Ã¶zÃ¼nÃ¼rlÃ¼ÄŸÃ¼nde video klibiyle netd mÃ¼zik'te. 
 
SÃ¶z - MÃ¼zik: Semicenk
DÃ¼zenleme: Ä°lkan GÃ¼nÃ¼Ã§
Mix - Mastering: Ä°lkan GÃ¼nÃ¼Ã§
ProdÃ¼ktÃ¶r: Hazar EkÅŸioÄŸlu
YÃ¶netmen: Emre Alev
GÃ¶rÃ¼ntÃ¼ YÃ¶netmeni: Kaan Sarma
IÅŸÄ±k: Eva Light
Styling: Sinem GÃ¼nÃ¼Ã§
ProdÃ¼ksiyon Amiri: Mert EkÅŸi
Set Amiri: Emirhan YÃ¶rÃ¼koÄŸlu
Post ProdÃ¼ksiyon: SRM Production / Maksat Montaj Olsun
 
netd mÃ¼zik'te bu ay http://bit.ly/nd-eniyi
Yeni Hit ÅarkÄ±lar http://bit.ly/nd-yenihit
TÃ¼rkÃ§e Pop http://bit.ly/nd-pop2022

Facebook http://bit.ly/nd-f
Twitter http://bit.ly/nd-tw
Instagram http://bit.ly/nd-ins
YouTube http://bit.ly/nd-yt","{'default': {'url': 'https://i.ytimg.com/vi/MJOw24mP4X8/default.jpg', 'width': 120, 'height': 90}, 'medium': {'url': 'https://i.ytimg.com/vi/MJOw24mP4X8/mqdefault.jpg', 'width': 320, 'height': 180}, 'high': {'url': 'https://i.ytimg.com/vi/MJOw24mP4X8/hqdefault.jpg', 'width': 480, 'height': 360}, 'standard': {'url': 'https://i.ytimg.com/vi/MJOw24mP4X8/sddefault.jpg', 'width': 640, 'height': 480}, 'maxres': {'url': 'https://i.ytimg.com/vi/MJOw24mP4X8/maxresdefault.jpg', 'width': 1280, 'height': 720}}",netd mÃ¼zik,"['netd MÃ¼zik', 'Musik', 'musiqi', 'Ğ¼ÑƒĞ·Ğ¸ĞºĞ°', 'muziek', 'musique', 'musiqaa', 'Ù…ÙˆØ³ÙŠÙ‚Ù‰', 'ÅŸarkÄ±lar', 'ÅŸarkÄ±', 'mÃ¼zik', 'Official', 'netd', 'Hit ÅarkÄ±lar', 'izle', 'klip', 'Top 10', 'top 20', 'en hit', 'Ã§ok dinlenen', 'yeni ÅŸarkÄ±lar', 'en yeni ÅŸarkÄ±lar', '2021 hit ÅŸarkÄ±lar', 'Turkish Music', 'turca musica', 'TÃ¼rkÃ§e MÃ¼zik', 'Semicenk - DÃ¼ÅŸer AklÄ±ma', 'Semicenk', 'DÃ¼ÅŸer AklÄ±ma', 'Turkish Pop', '2021 tÃ¼rkÃ§e pop', 'pop ÅŸarkÄ±lar', 'TÃ¼rkÃ§e pop']",10,none,tr,PT2M37S,2d,hd,true,True,rectangular,150113661,689987,0,14597
youtube#video,8dlZTNx-MI1Dg5tXg3Kn_xiR8QU,koN6UxeuIZA,2021-10-15T14:30:15Z,UCR5wZcXtOUka8jTA57flzMg,Okan & Volkan - Halden Anlamaz,"Okan & Volkan'Ä±n, Eva Records etiketiyle yayÄ±nlanan ""Halden Anlamaz"" isimli tekli Ã§alÄ±ÅŸmasÄ±, video klibiyle netd mÃ¼zik'te. 
 
SÃ¶z : Samet kurt
mÃ¼zik : Samet Kurt , ilkan GÃ¼nÃ¼Ã§
DÃ¼zenleme : ilkan GÃ¼nÃ¼Ã§
ProdÃ¼ktÃ¶r : Hazar EkÅŸioÄŸlu
YapÄ±m : Eva Records
YÃ¶netmen: Emre Alev 
Kurgu: Maksatmontaj
 
netd mÃ¼zik'te bu ay http://bit.ly/nd-buay
Yeni Hit ÅarkÄ±lar http://bit.ly/nd-hit
TÃ¼rkÃ§e Rap http://bit.ly/nd-turkcerap

Facebook http://bit.ly/nd-f
Twitter http://bit.ly/nd-tw
Instagram http://bit.ly/nd-ins
YouTube http://bit.ly/nd-yt","{'default': {'url': 'https://i.ytimg.com/vi/koN6UxeuIZA/default.jpg', 'width': 120, 'height': 90}, 'medium': {'url': 'https://i.ytimg.com/vi/koN6UxeuIZA/mqdefault.jpg', 'width': 320, 'height': 180}, 'high': {'url': 'https://i.ytimg.com/vi/koN6UxeuIZA/hqdefault.jpg', 'width': 480, 'height': 360}, 'standard': {'url': 'https://i.ytimg.com/vi/koN6UxeuIZA/sddefault.jpg', 'width': 640, 'height': 480}, 'maxres': {'url': 'https://i.ytimg.com/vi/koN6UxeuIZA/maxresdefault.jpg', 'width': 1280, 'height': 720}}",netd mÃ¼zik,"['netd MÃ¼zik', 'Musik', 'musiqi', 'Ğ¼ÑƒĞ·Ğ¸ĞºĞ°', 'muziek', 'musique', 'musiqaa', 'Ù…ÙˆØ³ÙŠÙ‚Ù‰', 'ÅŸarkÄ±lar', 'ÅŸarkÄ±', 'mÃ¼zik', 'Official', 'netd', 'Hit ÅarkÄ±lar', 'izle', 'klip', 'Top 10', 'top 20', 'en hit', 'Ã§ok dinlenen', 'yeni ÅŸarkÄ±lar', 'en yeni ÅŸarkÄ±lar', '2021 hit ÅŸarkÄ±lar', 'Turkish Music', 'turca musica', 'TÃ¼rkÃ§e MÃ¼zik', '2020 rap', 'TÃ¼rkÃ§e rap', 'trap', 'hip hop', 'Okan & Volkan - Halden Anlamaz', 'Okan & Volkan', 'Halden Anlamaz']",10,none,tr,PT3M20S,2d,hd,true,True,rectangular,149872685,396871,0,14132
youtube#video,CXtFmIKJzKnaKfxNdiaNHLboCMs,9NoDUUybUe8,2021-07-02T15:00:08Z,UC8VZEEQgJ59C-UqWrtva2WA,Bilal HancÄ± & Mustafa Ceceli - RÃ¼zgar,"Bilal HancÄ± & Mustafa Ceceli - RÃ¼zgar

*Derman - Klip:* https://youtu.be/nsehEiUXlkU

Spotify: https://open.spotify.com/track/3e5QNL43WB4zBsW9qQ6F1d?si=7f274f2000954d01
Apple Music: https://music.apple.com/tr/album/r%C3%BCzgar/1574741414?i=1574741418

SÃ¶z: Azmi CoÅŸkun
MÃ¼zik: Ãœmit Karabiber
DÃ¼zenleme: Mustafa Ceceli
KemenÃ§e, Gitar: Mustafa Ceceli
Mix- Master: Koray PÃ¼skÃ¼l
Klip YÃ¶netmeni: Murad KÃ¼Ã§Ã¼k

ÅarkÄ± SÃ¶zleri:

Bu hasretluÄŸun resmidur
Anlatsam da anlamazlar
GÃ¶kyÃ¼zunde ay parlardi
SaÃ§larunda yakamozlar

Bu hasretliÄŸin resmidir
Anlatsam da anlamazlar
GÃ¶kyÃ¼zÃ¼nde ay parlardÄ±
SaÃ§larÄ±nda yakamozlar

RÃ¼zgÃ¢r savursun saÃ§uni
Elun silsun gÃ¶zyaÅŸuni
Bekle sen, eÄŸma baÅŸuni
Elbet bir gÃ¼n kavuÅŸuruz

Sevda Ã§iÃ§eÄŸi solmazsa
YÃ¼reÄŸim seni bulmazsa
KavuÅŸmak nasip olmazsa
TÃ¼rkÃ¼lerde buluÅŸuruz

RÃ¼zgÃ¢r savursun saÃ§uni
Elun silsun gÃ¶zyaÅŸuni
Bekle sen, eÄŸma baÅŸuni
Elbet bir gÃ¼n kavuÅŸuruz

Sevda Ã§iÃ§eÄŸi solmazsa
YÃ¼reÄŸim seni bulmazsa
KavuÅŸmak nasip olmazsa
TÃ¼rkÃ¼lerde buluÅŸuruz

Bu hasretluÄŸun resmidur
Anlatsam da anlamazlar
GÃ¶kyÃ¼zunde ay parlardi
SaÃ§larunda yakamozlar

Abone Olmak Ä°Ã§in TÄ±kla:
https://www.youtube.com/bilalhanci?sub_confirmation=1

TÃ¼m ÅarkÄ±larÄ±m: https://www.youtube.com/watch?v=9NoDUUybUe8&list=PL1At16lFbslPNVy19Z_V7RanNke9YMPJY

Sosyal Medya HesaplarÄ±m:
https://www.instagram.com/bilalhanci
https://www.tiktok.com/@bilalhanci
https://twitter.com/bilalhanci

#bilalhancÄ± #mustafaceceli #rÃ¼zgar","{'default': {'url': 'https://i.ytimg.com/vi/9NoDUUybUe8/default.jpg', 'width': 120, 'height': 90}, 'medium': {'url': 'https://i.ytimg.com/vi/9NoDUUybUe8/mqdefault.jpg', 'width': 320, 'height': 180}, 'high': {'url': 'https://i.ytimg.com/vi/9NoDUUybUe8/hqdefault.jpg', 'width': 480, 'height': 360}, 'standard': {'url': 'https://i.ytimg.com/vi/9NoDUUybUe8/sddefault.jpg', 'width': 640, 'height': 480}, 'maxres': {'url': 'https://i.ytimg.com/vi/9NoDUUybUe8/maxresdefault.jpg', 'width': 1280, 'height': 720}}",Bilal HancÄ±,"['Bilal HancÄ±', 'Mustafa Ceceli', 'RÃ¼zgar', 'rÃ¼zgar klip', 'rÃ¼zgar dinle', 'rÃ¼zgar izle', 'mustada ceceli dinle', 'bilal hancÄ± dinle', 'bilal hancÄ± ÅŸarkÄ±larÄ±', 'mustafa ceceli ÅŸarkÄ±larÄ±', 'RÃ¼zgÃ¢r savursun saÃ§uni', 'Elun silsun gÃ¶zyaÅŸuni', 'Bekle sen', 'eÄŸma baÅŸuni', 'Elbet bir gÃ¼n kavuÅŸuruz', 'Sevda Ã§iÃ§eÄŸi solmazsa', 'YÃ¼reÄŸim seni bulmazsa', 'KavuÅŸmak nasip olmazsa', 'TÃ¼rkÃ¼lerde buluÅŸuruz']",10,none,tr,PT3M9S,2d,hd,false,False,rectangular,142060698,594694,0,21209
youtube#video,1dA1M7Aaelp17AcP1CF4YCXSnXw,qmpORlyvJpo,2021-12-31T21:01:45Z,UCkGdPTblXjlKRJ8nKgl3fhw,Mahsun KÄ±rmÄ±zÄ±gÃ¼l - Dinle 2022,"YapÄ±m: A1 MÃ¼zik
ProdÃ¼ktÃ¶r: Yusuf KÄ±rmÄ±zÄ±gÃ¼l
YÃ¶netmen: Kemal BaÅŸbuÄŸ

Spotify'da dinlemek iÃ§in: https://open.spotify.com/album/2WzYVYxNY6uagHMhvutzen?si=fsUSO5_JSiizg1XUkRcb-A
Apple MÃ¼zik'te dinlemek iÃ§in: https://music.apple.com/tr/album/ho%C5%9F-geldin/1598919050?l=tr
Deezer'da dinlemek iÃ§in: https://deezer.page.link/HSZf1LFyuuh5pLxM9

DÄ°NLE

Dinle
Bu ÅŸarkÄ±m sana dinle
SÃ¶yle
NasÄ±l sevdiÄŸimi sÃ¶yle

MÃ¼ptela oldum aÅŸka seninle
Kayboldum gÃ¶zlerinde
UÃ§urumsun sen bu bedende
HerÅŸeyi bÄ±rakÄ±p bir kÃ¶ÅŸeye
Yanmaya hazÄ±rÄ±m ben
Seninle ateÅŸlerde

YanmÄ±ÅŸÄ±m sÃ¶nmÃ¼ÅŸÃ¼m ellerinde
BitmiÅŸim tÃ¼kenmiÅŸim gÃ¶zlerinde

Tutsak
Bu gÃ¶nÃ¼l sana tutsak
Yasak
BaÅŸkasÄ± sana yasak

YanmÄ±ÅŸÄ±m sÃ¶nmÃ¼ÅŸÃ¼m ellerinde
BitmiÅŸim tÃ¼kenmiÅŸim gÃ¶zlerinde
MÃ¼ptela oldum aÅŸka seninle
Kayboldum gÃ¶zlerinde
UÃ§urumsun sen bu bedende
HerÅŸeyi bÄ±rakÄ±p bir kÃ¶ÅŸeye
Yanmaya hazÄ±rÄ±m ben
Seninle ateÅŸlerde","{'default': {'url': 'https://i.ytimg.com/vi/qmpORlyvJpo/default.jpg', 'width': 120, 'height': 90}, 'medium': {'url': 'https://i.ytimg.com/vi/qmpORlyvJpo/mqdefault.jpg', 'width': 320, 'height': 180}, 'high': {'url': 'https://i.ytimg.com/vi/qmpORlyvJpo/hqdefault.jpg', 'width': 480, 'height': 360}, 'standard': {'url': 'https://i.ytimg.com/vi/qmpORlyvJpo/sddefault.jpg', 'width': 640, 'height': 480}, 'maxres': {'url': 'https://i.ytimg.com/vi/qmpORlyvJpo/maxresdefault.jpg', 'width': 1280, 'height': 720}}",A1 MÃ¼zik YapÄ±m,"['A1 MÃ¼zik YapÄ±m', 'Dinle', 'Mahsun KÄ±rmÄ±zÄ±gÃ¼l', 'dinle', 'dinle 2022', 'kÄ±rmzÄ±gÃ¼l', 'mahsun', 'mahsun kÄ±rmÄ±zgÃ¼l 2022', 'yeni versiyon']",10,none,none,PT3M40S,2d,hd,false,True,rectangular,91958213,206073,0,6980
youtube#video,meQGJq71wRrX0ugZ0M-rEL55yZg,UR-mUHy__68,2021-10-02T05:28:44Z,UC4Zc-jlnxXkGjj7IrqdDLGA,Pit Bull Rebecca ProprietÃ¡rio Peruca Campeonato de Pitbull #shorts #canalpitgameness #apbt #pitbull,"Aqui estÃ£o todos os Produtos que eu Recomendo

https://www.amazon.com.br/shop/pitgameness

siga nossa Loja na Amazon Canal Pit Gameness



Rodolpho Luiz

Canil RL Instagram
https://instagram.com/canil.rl?igshid=NTc4MTIwNjQ2YQ==

RL DOG'S
COLEIRA E ACESSÃ“RIOS

Pedidos Rodolpho WhatsApp (16) 98808 9062 Link WhatsApp
Click
https://wa.me/message/2SNXQCQH24DFG1

Instagram da RL DOG'S
https://instagram.com/rodolpholuizdogs?igshid=NTc4MTIwNjQ2YQ==




Centro de Treinamento Athila Gameness Criador da Babi
adoÃ§Ã£o de Pit Bull

WhatsApp (13) 99661-4134

Instagram Centro de Treinamento Athila Gameness

https://instagram.com/athilagameness?igshid=NTc4MTIwNjQ2YQ==
 
@athilagameness





Canil Favela Pit Bull Sport Dogs
Criador do Perigosa

Pablo Whatsapp FAVELA PITBULL = 11 95946-9203

Facebook pÃ¡gina https://www.facebook.com/Favelapitbull/





Canal Red Tigre https://youtube.com/@redtigre



#gamedogs #apbt #dog #pitbull #gamedog #dogbreed #gameness #pega #arte #petdog #gamenes #pit #bulldogs #bull #bulls #bulldog #pitbulldogvideo #pitbulldogs #pitbulls #pitbullstanford #pitbullife #pitbulllovers_ #pitbullstud #pitbullpuppy #pitgameness #canalpitgameness #pellesrustic #babi #perigosa #huck","{'default': {'url': 'https://i.ytimg.com/vi/UR-mUHy__68/default.jpg', 'width': 120, 'height': 90}, 'medium': {'url': 'https://i.ytimg.com/vi/UR-mUHy__68/mqdefault.jpg', 'width': 320, 'height': 180}, 'high': {'url': 'https://i.ytimg.com/vi/UR-mUHy__68/hqdefault.jpg', 'width': 480, 'height': 360}, 'standard': {'url': 'https://i.ytimg.com/vi/UR-mUHy__68/sddefault.jpg', 'width': 640, 'height': 480}, 'maxres': {'url': 'https://i.ytimg.com/vi/UR-mUHy__68/maxresdefault.jpg', 'width': 1280, 'height': 720}}",Pit Gameness ,"['Pitbulldog', 'pitbull dog terrier', 'pit bull dog terreir', 'american pitbull Terrier', 'canal pitgameness', 'pelles rustic', 'game dog', 'Rodolpho', 'babi', 'huck', 'hulk', 'perigosa', 'Petbu', 'pitbu', 'petbul', 'petbull', 'pitbul', 'pitbull', 'pit bu', 'pitgami', 'pitgemes', 'pit games', 'pit gamenes', 'pit', 'Rasao', 'caxoro', 'caxorro', 'kaxorro', 'kaxoro', 'cao', 'kao', 'Pitbuss', 'potbu', 'pitsbu', 'pbt', 'adbei', 'dg', 'dÃ³g', 'esina', 'encina', 'encinar', 'forsa', 'forssa', 'foÃ§a', 'muculo', 'Canal Pitgameness', 'Pelles Rustic', 'Game dog', 'Babi', 'Perigosa', 'Huck', 'Briga', 'luta', 'cÃ£es', 'cachorro', 'Pertbu', 'petbu', 'pitsbil']",15,none,pt-BR,PT17S,2d,hd,false,True,rectangular,87594831,3150209,0,8808
youtube#video,1RzXDNo_ljbYPZV7vIfGmMgC2Qo,Fcnzvfkp8bQ,2021-05-21T18:50:08Z,UCOUZ3qkIWVZCWPUQhN2EkKQ,Zara - SaÄŸÄ±m Yalan Solum Yalan | Kuzeyin OÄŸlu Volkan Konak 5. BÃ¶lÃ¼m,"Kuzeyin OÄŸlu Volkan Konak 5. BÃ¶lÃ¼m - Zara'dan SaÄŸÄ±m Yalan Solum Yalan.
SAÄIM YALAN SOLUM YALAN

Bu haftanÄ±n konuÄŸu Zara, Cengiz KurtoÄŸlu, SavaÅŸ Ã–zdemir .

Her hafta birbirinden Ã¶zel isimlerin aÄŸÄ±rlanacaÄŸÄ± â€˜Kuzeyin OÄŸlu Volkan Konakâ€™, Ã¶zlediÄŸiniz yorumuyla yeniden ekrana geliyor. Karadeniz mÃ¼ziÄŸinin Ã¶ncÃ¼ isimlerinden olan usta sanatÃ§Ä± Volkan Konak, eÅŸsiz yorumu ve gÃ¼Ã§lÃ¼ sesiyle milyonlarÄ±n gÃ¶nlÃ¼nde yeniden taht kuracakâ€¦

Kanala Abone olmak iÃ§in;  http://bit.ly/VolkanKonakAbone

http://facebook.com/volkankonak
http://twitter.com/volkankonak
http://twitter.com/volkankonakcom
http://instagram.com/volkankonakofficial

#VolkanKonak #KuzeyinOÄŸluVolkanKonak","{'default': {'url': 'https://i.ytimg.com/vi/Fcnzvfkp8bQ/default.jpg', 'width': 120, 'height': 90}, 'medium': {'url': 'https://i.ytimg.com/vi/Fcnzvfkp8bQ/mqdefault.jpg', 'width': 320, 'height': 180}, 'high': {'url': 'https://i.ytimg.com/vi/Fcnzvfkp8bQ/hqdefault.jpg', 'width': 480, 'height': 360}, 'standard': {'url': 'https://i.ytimg.com/vi/Fcnzvfkp8bQ/sddefault.jpg', 'width': 640, 'height': 480}, 'maxres': {'url': 'https://i.ytimg.com/vi/Fcnzvfkp8bQ/maxresdefault.jpg', 'width': 1280, 'height': 720}}",Volkan Konak,"['volkan konak', 'kuzeyin oÄŸlu volkan konak', 'volkan konak tÃ¼rkÃ¼', 'volkan konak karadeniz tÃ¼rkÃ¼sÃ¼', 'karadeniz tÃ¼rkÃ¼leri', 'volkan konak program', 'volkan konak 5. bÃ¶lÃ¼m', 'volkan konak mÃ¼zik programÄ±', 'kuzeyin oÄŸlu volkan konak 21 mayÄ±s cuma', 'kuzeyin oÄŸlu volkan konak cengiz kurtoÄŸlu', 'kuzeyin oÄŸlu volkan konak zara', 'kuzeyin oÄŸlu volkan konak savaÅŸ Ã¶zdemir', 'zara', 'cengiz kurtoÄŸlu', 'savaÅŸ Ã¶zdemir', 'zara saÄŸÄ±m yalan solum yalan']",10,none,tr,PT5M1S,2d,hd,false,True,rectangular,55965174,124264,0,5273
youtube#video,QOuqMIiLjP3B_CckKOATx86H5Mk,_Al4_hzRpoM,2021-07-16T09:00:11Z,UCD9aayaoRKSzV8QtUvq8ehw,Sakiler - AÅŸÄ±ÄŸÄ±n Kaderi (Official Video),"Sakilerâ€™in yeni teklisi â€œAÅŸÄ±ÄŸÄ±n Kaderiâ€ isimli Ã§alÄ±ÅŸmasÄ± Zeyn MÃ¼zik etiketiyle yayÄ±nda!

Hemen Dinle! https://orcd.co/asiginkaderi

#Sakiler #AÅŸÄ±ÄŸÄ±nKaderi #ZeynMÃ¼zik

SÃ¶z-Beste: Sinan KaynakÃ§Ä±
DÃ¼zenleme : Sakiler
Mix Masterin: Emre KÄ±ral
Davul: Mert TÃ¼rkmen
Bass: Ä°rfan KeÃ§ebaÅŸoÄŸlu
Keyboard: Serkan Balkan
Gitar: YÃ¼cel Girgin
PerkÃ¼syon : Gurur Nar
Vokal,trombon : Hasan GÃ¶zetlik
Grup Keman: Ä°stanbul strings
Vokaller: Sakiler
StÃ¼dyo: Studio Voice
Menajerlik: Zeyn Management, Mert AltÄ±nkaya
YapÄ±m : Zeyn MÃ¼zik YapÄ±m
YÃ¶netmen : Cem KÄ±lÄ±nÃ§

''AÅŸÄ±ÄŸÄ±n Kaderi'' ÅarkÄ± SÃ¶zleri ile

Ä°ki dudaÄŸÄ±n arasÄ±na 
bir aÅŸÄ±ÄŸÄ±n kaderi baÄŸlÄ±
Vurdu beni kurÅŸuna 
iki lafÄ±nÄ±n o can yakan anlamÄ±

Tamiri kolay deÄŸil kalplerin
Ä°stesen de nafile
Kendini bilen susar
GÃ¶nÃ¼l bulur bir bahane
Ben gibi seven biri 
Ne kin tutar ne sÃ¶z geÃ§irir diline
Mazide ki gÃ¼nlerin hatrÄ±na
Beni Ã¶ldÃ¼rme

Ä°ki dudaÄŸÄ±n arasÄ±na 
bir aÅŸÄ±ÄŸÄ±n kaderi baÄŸlÄ±
Vurdu beni kurÅŸuna 
iki lafÄ±nÄ±n tek anlamÄ±
Ä°ki dudaÄŸÄ±n arasÄ±na 
bir aÅŸÄ±ÄŸÄ±n kaderi baÄŸlÄ±
Vurdu beni kurÅŸuna 
iki lafÄ±nÄ±n o can yakan anlamÄ±

Alt tarafÄ± gel dedim
Gelen de yok, arayan da yok beni
Sen sÃ¶zÃ¼nÃ¼ tutmadÄ±n
AÄŸlar yÃ¼rek, sessiz sessiz 
Bir yanÄ±m kal diyor
Gelir yine, gelirse bulsun 
Bir yanÄ±m git diyor
Belki de Ã§oktan gitti

Ä°ki dudaÄŸÄ±n arasÄ±na 
bir aÅŸÄ±ÄŸÄ±n kaderi baÄŸlÄ±
Vurdu beni kurÅŸuna 
iki lafÄ±nÄ±n tek anlamÄ±
Ä°ki dudaÄŸÄ±n arasÄ±na 
bir aÅŸÄ±ÄŸÄ±n kaderi baÄŸlÄ±
Vurdu beni kurÅŸuna 
iki lafÄ±nÄ±n o can yakan anlamÄ±","{'default': {'url': 'https://i.ytimg.com/vi/_Al4_hzRpoM/default.jpg', 'width': 120, 'height': 90}, 'medium': {'url': 'https://i.ytimg.com/vi/_Al4_hzRpoM/mqdefault.jpg', 'width': 320, 'height': 180}, 'high': {'url': 'https://i.ytimg.com/vi/_Al4_hzRpoM/hqdefault.jpg', 'width': 480, 'height': 360}, 'standard': {'url': 'https://i.ytimg.com/vi/_Al4_hzRpoM/sddefault.jpg', 'width': 640, 'height': 480}, 'maxres': {'url': 'https://i.ytimg.com/vi/_Al4_hzRpoM/maxresdefault.jpg', 'width': 1280, 'height': 720}}",Sakiler,"['sakiler', 'aÅŸÄ±ÄŸÄ±n kaderi', 'sakiler aÅŸÄ±ÄŸÄ±n kaderi', 'sakiler dÃ¼nyadan uzak', 'dÃ¼nyadan uzak', 'sakiler yeni', 'zeyn mÃ¼zik', 'arabesk', 'duygusal', 'aÅŸk', 'sakiler arabesk', 'sakiler turne', 'yeni mÃ¼zik', 'arabesk mÃ¼zik']",10,none,tr,PT2M59S,2d,hd,false,True,rectangular,51619453,157290,0,2596
youtube#video,dvD885cDAF7FBmXcvVGDpHtA88g,FB8A3RkPlig,2021-12-13T18:22:12Z,UC9W31KD-L27tv25YeeE51fw,Toro Arena Valencia Spain #toro #arenavalencia #valencia #matador #boÄŸagÃ¼reÅŸi #spain #ispanya,"Ä°nanÄ±lmaz adrenalin dolu bir etkinlik, her seferinde BoÄŸaâ€™nÄ±n boynuzlarÄ±ndan bir kaÃ§ santim ile kurtulan Matadorâ€™un iÅŸi Ã§ok zor. 
GenÃ§ bir Matadorunâ€™da bacaÄŸÄ±ndan boynuzu takÄ±p yaraladÄ±ÄŸÄ± bir videomda var. 
Ama tam bir antik Ã§aÄŸ geleneÄŸi olduÄŸu Ã§ok belli. Ä°nsanlar o kadar soÄŸuÄŸa raÄŸmen KasÄ±m ayÄ±nda, son boÄŸaya kadar izlediler.
#toro #arenavalencia #valencia #matador #boÄŸagÃ¼reÅŸi #spain #ispanya #eltoro #mata #endÃ¼lÃ¼s #ancienttimesevent #valensia","{'default': {'url': 'https://i.ytimg.com/vi/FB8A3RkPlig/default.jpg', 'width': 120, 'height': 90}, 'medium': {'url': 'https://i.ytimg.com/vi/FB8A3RkPlig/mqdefault.jpg', 'width': 320, 'height': 180}, 'high': {'url': 'https://i.ytimg.com/vi/FB8A3RkPlig/hqdefault.jpg', 'width': 480, 'height': 360}, 'standard': {'url': 'https://i.ytimg.com/vi/FB8A3RkPlig/sddefault.jpg', 'width': 640, 'height': 480}, 'maxres': {'url': 'https://i.ytimg.com/vi/FB8A3RkPlig/maxresdefault.jpg', 'width': 1280, 'height': 720}}",Firat Sahin,,23,none,none,PT20S,2d,hd,false,False,rectangular,46398974,1573567,0,1078
youtube#video,in0IvQmAETjjbbhyZqx3HLqr608,r4Uo0isy5Ww,2021-08-28T13:44:23Z,UC4Zc-jlnxXkGjj7IrqdDLGA,Pit Bull Branco Huck Fazendo Escalada Vertical Top Dog Brasil Mogi Mirim SP #shorts #incrivel #bulls,"Aqui estÃ£o todos os Produtos que eu Recomendo

https://www.amazon.com.br/shop/pitgameness

siga nossa Loja na Amazon Canal Pit Gameness



Rodolpho Luiz

Canil RL Instagram
https://instagram.com/canil.rl?igshid=NTc4MTIwNjQ2YQ==

RL DOG'S
COLEIRA E ACESSÃ“RIOS

Pedidos Rodolpho WhatsApp (16) 98808 9062 Link WhatsApp
Click
https://wa.me/message/2SNXQCQH24DFG1

Instagram da RL DOG'S
https://instagram.com/rodolpholuizdogs?igshid=NTc4MTIwNjQ2YQ==




Centro de Treinamento Athila Gameness Criador da Babi
adoÃ§Ã£o de Pit Bull

WhatsApp (13) 99661-4134

Instagram Centro de Treinamento Athila Gameness

https://instagram.com/athilagameness?igshid=NTc4MTIwNjQ2YQ==
 
@athilagameness





Canil Favela Pit Bull Sport Dogs
Criador do Perigosa

Pablo Whatsapp FAVELA PITBULL = 11 95946-9203

Facebook pÃ¡gina https://www.facebook.com/Favelapitbull/





Canal Red Tigre https://youtube.com/@redtigre



#gamedogs #apbt #dog #pitbull #gamedog #dogbreed #gameness #pega #arte #petdog #gamenes #pit #bulldogs #bull #bulls #bulldog #pitbulldogvideo #pitbulldogs #pitbulls #pitbullstanford #pitbullife #pitbulllovers_ #pitbullstud #pitbullpuppy #pitgameness #canalpitgameness #pellesrustic #babi #perigosa #huck","{'default': {'url': 'https://i.ytimg.com/vi/r4Uo0isy5Ww/default.jpg', 'width': 120, 'height': 90}, 'medium': {'url': 'https://i.ytimg.com/vi/r4Uo0isy5Ww/mqdefault.jpg', 'width': 320, 'height': 180}, 'high': {'url': 'https://i.ytimg.com/vi/r4Uo0isy5Ww/hqdefault.jpg', 'width': 480, 'height': 360}, 'standard': {'url': 'https://i.ytimg.com/vi/r4Uo0isy5Ww/sddefault.jpg', 'width': 640, 'height': 480}, 'maxres': {'url': 'https://i.ytimg.com/vi/r4Uo0isy5Ww/maxresdefault.jpg', 'width': 1280, 'height': 720}}",Pit Gameness ,"['Pitbulldog', 'pitbull dog terrier', 'pit bull dog terreir', 'american pitbull Terrier', 'canal pitgameness', 'pelles rustic', 'game dog', 'Rodolpho', 'babi', 'huck', 'hulk', 'perigosa', 'Petbu', 'pitbu', 'petbul', 'petbull', 'pitbul', 'pitbull', 'pit bu', 'pitgami', 'pitgemes', 'pit games', 'pit gamenes', 'pit', 'Rasao', 'caxoro', 'caxorro', 'kaxorro', 'kaxoro', 'cao', 'kao', 'Pitbuss', 'potbu', 'pitsbu', 'pbt', 'adbei', 'dg', 'dÃ³g', 'esina', 'encina', 'encinar', 'forsa', 'forssa', 'foÃ§a', 'muculo', 'Canal Pitgameness', 'Pelles Rustic', 'Game dog', 'Babi', 'Perigosa', 'Huck', 'Briga', 'luta', 'cÃ£es', 'cachorro', 'Pertbu', 'petbu', 'pitsbil']",15,none,pt-BR,PT16S,2d,hd,false,True,rectangular,30708845,641521,0,1916
youtube#video,rQXJUdxXrLKkUswkGbBRsITiNhs,9KhvYYW8u2M,2021-03-14T10:30:01Z,UCJWZnZvzKKZAxzS3ENuqbsg,"Alev Alev, Ä°stanbul (Akustik) - Zeynep BastÄ±k, @ZenG","Zen-G ile 'Alev Alev' ve 'Ä°stanbul' ÅŸarkÄ±larÄ±nÄ± akustik olarak seslendirdik. ÅarkÄ±larÄ±n bu versiyonlarÄ±nÄ± da umarÄ±m beÄŸenirsiniz. :)

ProgramÄ±n devamÄ±nÄ± Exxen'de izlemek isterseniz: http://bit.ly/30mTDfJ 
TÃ¼m Akustik videolar iÃ§in: https://bit.ly/3b6pCaQ
Instagram'dan beni takip etmek isterseniz: https://www.instagram.com/zeynepbastik
Zen-G'yi Instagram'dan takip etmek isterseniz: https://www.instagram.com/00zen34

Akustik Gitar: Nihat Ãœney
Akustik Gitar: DoÄŸukan AydÄ±n
Bass: Kerim TÃ¼rkoÄŸlu
Cajon: Cenk SaraÃ§
KayÄ±t-Mix: AkÄ±n Erdem KadÄ±z

00:00 Alev Alev
01:40 Ä°stanbul

Merhaba ben Zeynep BastÄ±k. Bilmeyenler iÃ§in Ã¶zetle; HayatÄ±mÄ±n hatrÄ± sayÄ±lÄ±r zamanlarÄ±ndan beri ÅŸarkÄ± sÃ¶ylÃ¼yorum ve artÄ±k bu iÅŸi canlÄ± canlÄ± kendi evimin terasÄ±nda, bir zaman sonra belki bir ÅŸÃ¶mine baÅŸÄ±nda, farklÄ± konseptlerle, eÅŸimi dostumu aÄŸÄ±rlayÄ±p onlarÄ± da bu iÅŸe alet ederek yapÄ±yoruz. UmarÄ±m keyif alÄ±rsÄ±nÄ±z, birlikte eÄŸleniriz :)

#AlevAlev #Akustik #Ä°stanbul","{'default': {'url': 'https://i.ytimg.com/vi/9KhvYYW8u2M/default.jpg', 'width': 120, 'height': 90}, 'medium': {'url': 'https://i.ytimg.com/vi/9KhvYYW8u2M/mqdefault.jpg', 'width': 320, 'height': 180}, 'high': {'url': 'https://i.ytimg.com/vi/9KhvYYW8u2M/hqdefault.jpg', 'width': 480, 'height': 360}, 'standard': {'url': 'https://i.ytimg.com/vi/9KhvYYW8u2M/sddefault.jpg', 'width': 640, 'height': 480}, 'maxres': {'url': 'https://i.ytimg.com/vi/9KhvYYW8u2M/maxresdefault.jpg', 'width': 1280, 'height': 720}}",Zeynep BastÄ±k,"['mor ve Ã¶tesi ÅŸarkÄ±larÄ±', 'akustik cover', 'akustik ÅŸarkÄ±lar', 'zeynep bastÄ±k akustik', 'zeynep bastÄ±k ÅŸarkÄ±larÄ±', 'zeynep bastÄ±k', 'zeynep bastÄ±k akustikler', 'acoustic', 'zeynep bastÄ±k acoustic', 'akustik ÅŸarkÄ±', 'zeng alev alev', 'alev alev akustik', 'zen-g', 'Zen-G', 'Zen-G ÅŸarkÄ±larÄ±', 'rap akustik', 'tÃ¼rkÃ§e rap akustik', 'zeynep bastÄ±k rap', 'zan-g istanbul', 'istanbul rap']",10,none,none,PT5M34S,2d,hd,false,True,rectangular,17784796,138881,0,4509
youtube#video,xmILuyoCTRyJ7i1_s_k95WZV17A,IJ78py2wCGI,2021-08-27T15:05:42Z,UCxO64qFCTFhvAPWYp0GpHJg,Vegeta being a good father,"#vegeta#dbs#dbz#bulla#trunks
Music 
Say you won't let go- James Arthur
https://www.youtube.com/watch?v=0yW7w8F2TVA



Fair Use
Copyright Disclaimer Under Section 107 of the Copyright Act 1976, allowance is made for ""fair use"" for purposes such as criticism, commenting, news reporting, teaching, scholarship, and research. Fair use is a use permitted by copyright statute that might otherwise be infringing. Non-profit, educational, or personal use tips the balance in favor of fair use.","{'default': {'url': 'https://i.ytimg.com/vi/IJ78py2wCGI/default.jpg', 'width': 120, 'height': 90}, 'medium': {'url': 'https://i.ytimg.com/vi/IJ78py2wCGI/mqdefault.jpg', 'width': 320, 'height': 180}, 'high': {'url': 'https://i.ytimg.com/vi/IJ78py2wCGI/hqdefault.jpg', 'width': 480, 'height': 360}, 'standard': {'url': 'https://i.ytimg.com/vi/IJ78py2wCGI/sddefault.jpg', 'width': 640, 'height': 480}}",Weebo Alkaid,,1,none,none,PT23S,2d,hd,false,False,rectangular,17232428,950756,0,3086
youtube#video,IGtp46J-V68QZ8ZIziktRL1J4cg,9Oslu11jnmM,2021-12-25T14:00:04Z,UCFgG6CvZ33jjTq4AEk9efBg,Digestion of alcohol is not like other food|Males and females differ in metabolizing #alcohol,"Digestion of alcohol is not like the other food. Once alcohol is swallowed, a small amount is absorbed directly by the tongue and mucosal lining of the mouth. although this amount is generally insignificant because residual alcohol leaves the mouth quickly. Alcohol dries the mouth and can even dehydrate your entire body. The drying effects of alcohol can result in a white tongue, a condition that occurs when papillae become inflamed and bacteria and dead cells become trapped within them, causing a white film to cover the surface of the tongue. After alcohol leaves the mouth, it flows down the esophagus and into the stomach.
If there is no solid food in the stomach, most of the alcohol moves down into the small intestine and will come into contact with the intestinal walls more easily and pass quickly into the blood.in this way, All the alcohol of one drink may be absorbed within 30 minutes. 
Males and females differ in their ability to metabolize alcohol. This difference is due to variations in the amount and activity of alcohol dehydrogenase (ADH), the enzyme responsible for metabolizing alcohol. Males have highly active forms of ADH in their stomach and their liver. The presence of ADH in the stomach of males can reduce the absorption of alcohol by 30%! By contrast, females have almost no ADH in their stomachs. Consequently, females absorb more alcohol into their bloodstream. Additionally, the ADH in the liver of females is much less active than the ADH in the male liver. these gender differences in alcohol metabolism if they both consume the same amount of alcohol. For the same number of drinks, it is easier for females to become intoxicated.

0:07  Alcohol in the mouth
0:41  Alcohol in the Stomach
1:53  Alcohol in the Intestine
3:11  Alcohol in the different organs
3:24  Alcohol in the Brain
4:34  Alcohol in the Liver
6:17  Alcohol in the Male and female 
7:21  Alcohol in the Long-Term Effects of Drinking Alcohol

High Blood Pressure|Hypertension
https://youtu.be/gsczOAeGst4

How your body turns food into the poo Human digestion system in human beings
https://youtu.be/HXrl37BC3QU

laparoscopy 3d animation
https://youtu.be/xDssPEWO8Qw

food digestion the story of how your food ends up as a poo 3d medical animation|dandelion team
https://youtu.be/TPdQKcFuhPI

coronary angiogram Micro Needle|3d medical animation|sample use only
https://youtu.be/sRGMJhit4h0

Derma skin 3d modeling medical animation
https://youtu.be/3uwjb2pyZas

4 Common questions about the corona virus|3d medical animation|dandelion team
https://youtu.be/UHYXuW3a4h8

heart valve replacement 3d medical animation|sample use only|dandelion team
https://youtu.be/9L9i59eY5Zg

#alcohol #digestivesystem #alcoholproblem 

copyright by Dandelion Team","{'default': {'url': 'https://i.ytimg.com/vi/9Oslu11jnmM/default.jpg', 'width': 120, 'height': 90}, 'medium': {'url': 'https://i.ytimg.com/vi/9Oslu11jnmM/mqdefault.jpg', 'width': 320, 'height': 180}, 'high': {'url': 'https://i.ytimg.com/vi/9Oslu11jnmM/hqdefault.jpg', 'width': 480, 'height': 360}, 'standard': {'url': 'https://i.ytimg.com/vi/9Oslu11jnmM/sddefault.jpg', 'width': 640, 'height': 480}, 'maxres': {'url': 'https://i.ytimg.com/vi/9Oslu11jnmM/maxresdefault.jpg', 'width': 1280, 'height': 720}}",Dandelion Medical Animation,"['medical', 'medical animation', 'alcohol dehydrogenase', 'ethanol metabolism', 'Digestion of alcohol', 'Digestion', 'white tongue', 'drink', 'absorption', 'peak alcohol', 'stomach acid', 'epithelial cells', 'nutrients', 'interstitial space', 'capillaries', 'endothelial cells', 'ethanol', 'neurotransmitters', 'how alcohol affects the body', 'alcohol metabolism', 'ethanol metabolism pathway', 'alcohol metabolism pathway', 'ethanol metabolism in liver', 'medical coding', 'alcohol metabolism usmle', 'medical terminology', 'medical medium']",27,none,en,PT8M24S,2d,hd,true,True,rectangular,13792849,120868,0,4606
youtube#video,UWdCG_simlj56JULnQVbpknWdDw,EV1qmmMwc9M,2021-09-27T01:22:05Z,UCK6cr8UqdrKZ4213X-FOStQ,"To Sir, with Love â€¢ Theme Song â€¢ Lulu","Soundtrack from the 1967 James Clavell film ""To Sir, with Love,"" with Sidney Poitier, Judy Geeson, Christian Roberts, Suzy Kendall, Lulu, Ann Bell, Chris Chittell, Faith Brook & Geoffrey Bayldon. --- HD Film Tributes is a channel with over three hundred movie homages currently posted. We make zero money from YouTube as obviously none of these edits will ever be monetized by us. Any and all ad revenue from these videos goes directly to Google as well as to the various copyright owners, the film studios and the recording industry. -- Please consider supporting HD Film Tributes and our editing efforts with a donation via PayPal. Your help will be very much appreciated. Thank you! - https://paypal.me/HDFilmTributes","{'default': {'url': 'https://i.ytimg.com/vi/EV1qmmMwc9M/default.jpg', 'width': 120, 'height': 90}, 'medium': {'url': 'https://i.ytimg.com/vi/EV1qmmMwc9M/mqdefault.jpg', 'width': 320, 'height': 180}, 'high': {'url': 'https://i.ytimg.com/vi/EV1qmmMwc9M/hqdefault.jpg', 'width': 480, 'height': 360}, 'standard': {'url': 'https://i.ytimg.com/vi/EV1qmmMwc9M/sddefault.jpg', 'width': 640, 'height': 480}}",HD Film Tributes,,24,none,none,PT2M51S,2d,hd,false,False,rectangular,12506785,87304,0,1287
youtube#video,vBIHDaml4SziB7wG3kO3sxNH-xc,T8-SKY2bdtY,2021-06-21T19:37:17Z,UCK6cr8UqdrKZ4213X-FOStQ,Ladyhawke â€¢ I'll Stand By You â€¢ The Pretenders,"From the 1985, Richard Donner film, ""Ladyhawke,"" with Matthew Broderick, Rutger Hauer, Michelle Pfeiffer, Leo McKern, John Wood, Ken Hutchison, Nana Cecchi, Loris Loddi & Alfred Molina. --- HD Film Tributes is a channel with over three hundred movie homages currently posted. We make zero money from YouTube as obviously none of these edits will ever be monetized by us. Any and all ad revenue from these videos goes directly to Google as well as to the various copyright owners, the film studios and the recording industry. -- Please consider supporting HD Film Tributes and our editing efforts with a donation via PayPal. Your help will be very much appreciated. Thank you! - https://paypal.me/HDFilmTributes","{'default': {'url': 'https://i.ytimg.com/vi/T8-SKY2bdtY/default.jpg', 'width': 120, 'height': 90}, 'medium': {'url': 'https://i.ytimg.com/vi/T8-SKY2bdtY/mqdefault.jpg', 'width': 320, 'height': 180}, 'high': {'url': 'https://i.ytimg.com/vi/T8-SKY2bdtY/hqdefault.jpg', 'width': 480, 'height': 360}, 'standard': {'url': 'https://i.ytimg.com/vi/T8-SKY2bdtY/sddefault.jpg', 'width': 640, 'height': 480}}",HD Film Tributes,,24,none,none,PT4M1S,2d,hd,false,False,rectangular,11052488,83058,0,771
youtube#video,2v8E874psw4SR5E_rVYWApbWdp4,g4QQjJ6ZbrM,2021-06-17T13:36:47Z,UCb5JnbJtln6ODxv6cUY4ZGw,EMOJÄ° MAÄDURLARI CHEERS PARK / PUBG MOBILE,EMOJÄ° MAÄDURLARI CHEERS PARK / PUBG MOBILE,"{'default': {'url': 'https://i.ytimg.com/vi/g4QQjJ6ZbrM/default.jpg', 'width': 120, 'height': 90}, 'medium': {'url': 'https://i.ytimg.com/vi/g4QQjJ6ZbrM/mqdefault.jpg', 'width': 320, 'height': 180}, 'high': {'url': 'https://i.ytimg.com/vi/g4QQjJ6ZbrM/hqdefault.jpg', 'width': 480, 'height': 360}, 'standard': {'url': 'https://i.ytimg.com/vi/g4QQjJ6ZbrM/sddefault.jpg', 'width': 640, 'height': 480}, 'maxres': {'url': 'https://i.ytimg.com/vi/g4QQjJ6ZbrM/maxresdefault.jpg', 'width': 1280, 'height': 720}}",ANOX PUBG,,20,none,none,PT44S,2d,hd,false,True,rectangular,9401419,412193,0,1793
youtube#video,QMKPT2-FK5PjtUpCmLtFDp_IzaY,jqkGDKiYvOs,2021-01-23T15:29:12Z,UCRsVLld9Db9dVn8JZwzA_BQ,How to Make Chick-Fil-A Nuggets AT HOME!!!,"Here's how to make homemade Chick-Fil-A Nuggets!! I know that Chick-Fil-A uses powdered sugar in their dry batter as well, but I decided to make them a different way. 

Ingredients:
- 1 Chicken Breast
- 2 Cups Buttermilk
- 2 Cups Pickle Juice
- Sprinkle of Paprika
- 1/2 Cup Milk
- 1 Egg
- 1/2 Cup Flour
- Pinch of Salt 
- Pinch of Pepper
- Pinch of Paprika 
- Neutral Frying Oil
- FLAKEY SALT (NEED IT)

#shorts #nuggets #chef #chickfila #athome #cooking","{'default': {'url': 'https://i.ytimg.com/vi/jqkGDKiYvOs/default.jpg', 'width': 120, 'height': 90}, 'medium': {'url': 'https://i.ytimg.com/vi/jqkGDKiYvOs/mqdefault.jpg', 'width': 320, 'height': 180}, 'high': {'url': 'https://i.ytimg.com/vi/jqkGDKiYvOs/hqdefault.jpg', 'width': 480, 'height': 360}, 'standard': {'url': 'https://i.ytimg.com/vi/jqkGDKiYvOs/sddefault.jpg', 'width': 640, 'height': 480}, 'maxres': {'url': 'https://i.ytimg.com/vi/jqkGDKiYvOs/maxresdefault.jpg', 'width': 1280, 'height': 720}}",Jovi Greene,,22,none,none,PT58S,2d,hd,false,True,rectangular,6024794,366292,0,2670
youtube#video,QnI_egwnwuX-oq_5LtO-0CW2bgw,VtPsXzlzVNM,2021-08-09T22:18:33Z,UC_pT_Iz6XjuM-eMTlXghdfw,Black Truffle & Cognac Wagyu Ribeye #shorts,"Black Truffle & Cognac Wagyu Ribeye #shorts

Over the past few months weâ€™ve figured out that covering roasts with things like citrus zest, red wine, and whiskey leads to some incredibly flavored dry aged steaks.

Any experiment that involves truffles and wagyu is risky, and the result was as good as I could have hoped for. Even after just 3 weeks of aging, the steaks had a pleasant dry age flavor, and subtle yet very apparent flavor of truffles. 

Would I recommend others recreate this? The short answer is no. Top your dry aged steak with some good truffle oil and youâ€™ll have a similar result for a fraction of the cost. 

Despite this, Iâ€™m really happy with this experiment. It furthers my understanding of how flavors do in fact permeate meat through the pellicle, and I learned that even a moist substance like truffles wonâ€™t rot on the exterior of a dry age.

Also, I want to note that the grey band is oxidation which is totally normal, I find it commonly happens with wagyu. The apparent unevenness of the cook is due to that oxidation.

ğŸ”” Subscribe and ring the bell to get notified when I post a video!

ğŸ”¥ Social MediağŸ”¥

ğŸ¬  Main Channel: https://youtube.com/c/maxthemeatguy
ğŸ“¸  Instagram: https://www.Instagram.com/MaxtheMeatGuy
ğŸ¥  TikTok: https://www.tiktok.com/@maxthemeatguy
ğŸ“¬  Facebook: https://www.facebook.com/MaxTheMeatGuy
ğŸŠ  Pinterest: https://www.pinterest.com/maxthemeatguy/
.
.
âš¡ï¸ Electric serving board from Vayreni Burns use code MAXMEAT10 for 10% off link in bio! My proceeds go to charity.

ğŸ”¥ Dry Ager UX1000 from Dry Ager link in bio

ğŸ¥© Australian Wagyu from Alpine Butcher link in bio

ğŸ„ Fresh Black Truffles Taste of Truffles

ğŸ§‚ Osmo Salt from @NickDiGiovanni 

ğŸ–¥ Website w/ Recipes and Discounts: https://www.maxthemeatguy.com

ğŸŒ³ Discounts: https://beacons.page/maxthemeatguy

ğŸ¥ Sophia Greb https://www.youtube.com/c/SophiaGreb

ğŸ¶ Hokus Pokeus - HipHop Beats
.
.
#shorts #dryaged #australianwagyu #dryagedwagyu #wagyu #dryagedribeye #truffle #blacktruffle #cognac #dryagingexperiment #ribeye #experiment #builtforbeef #dryagerusa #dryagedsteak #mediumrare #shavedtruffle #carnivore #maxthemeatguy #dryager","{'default': {'url': 'https://i.ytimg.com/vi/VtPsXzlzVNM/default.jpg', 'width': 120, 'height': 90}, 'medium': {'url': 'https://i.ytimg.com/vi/VtPsXzlzVNM/mqdefault.jpg', 'width': 320, 'height': 180}, 'high': {'url': 'https://i.ytimg.com/vi/VtPsXzlzVNM/hqdefault.jpg', 'width': 480, 'height': 360}, 'standard': {'url': 'https://i.ytimg.com/vi/VtPsXzlzVNM/sddefault.jpg', 'width': 640, 'height': 480}, 'maxres': {'url': 'https://i.ytimg.com/vi/VtPsXzlzVNM/maxresdefault.jpg', 'width': 1280, 'height': 720}}",Max the Meat Guy,"['dry ager', 'dry aged', 'dry aging', 'dry aged steak', 'truffles', 'what is a truffle', 'truffle mushroom', 'what is a black truffle', 'how to use fresh truffles', 'what does a truffle taste like', 'what does dry aged meat taste like', 'how to cook a steak', 'medium rare steak', 'is brown steak okay', 'why did my steak change color', 'oxidization', 'dry ager ux1000', 'dry ager review', 'is the dry ager a good product', 'cooking a steak medium rare', 'medium rare', 'wagyu', 'australian wagyu', 'cognac', 'ways to use cognac']",22,none,none,PT33S,2d,hd,false,True,rectangular,5768022,405369,0,1479
youtube#video,E55VFvdEZBgE2USIKsgJ3QU2Agc,0mrvqU1Ijio,2021-11-25T16:00:01Z,UCOwP3JRFPY7NOnVdUNX21-w,ğŸ„You Will Always Want To Cook Mushroom This WayğŸ’¯It Was A Very Delicious Breakfast MealğŸ˜‹,"SUBTITLES. The video has subtitle options in different languages.
Please enable subtitles in the language you want.

How to Cook a Delicious Breakfast Meal Using Mushrooms?
Ã¼mmÃ¼ÅŸenaksu recipes

Fried Mushrooms with Sauce

A list of materials:

400 grams of cleaned mushrooms
3 tablespoons of olive oil
1 tablespoon of butter
1 tablespoon of flour
1.5 water glasses of cold milk
Salt
Black pepper
Cheddar cheese
Red pepper flakes

#Ã¼mmÃ¼ÅŸenaksu , #MushroomRecipes , #BreakfastRecipes","{'default': {'url': 'https://i.ytimg.com/vi/0mrvqU1Ijio/default.jpg', 'width': 120, 'height': 90}, 'medium': {'url': 'https://i.ytimg.com/vi/0mrvqU1Ijio/mqdefault.jpg', 'width': 320, 'height': 180}, 'high': {'url': 'https://i.ytimg.com/vi/0mrvqU1Ijio/hqdefault.jpg', 'width': 480, 'height': 360}, 'standard': {'url': 'https://i.ytimg.com/vi/0mrvqU1Ijio/sddefault.jpg', 'width': 640, 'height': 480}, 'maxres': {'url': 'https://i.ytimg.com/vi/0mrvqU1Ijio/maxresdefault.jpg', 'width': 1280, 'height': 720}}",Ã¼mmÃ¼ÅŸen aksu,"['mushroom recipes', 'breakfast recipes', 'practical recipes', 'subtitled recipes', 'meal recipes', 'delicious recipes', 'mushroom meals', 'mantar tarifleri', 'kahvaltÄ± tarifleri', 'pratik tarifler', 'mantar yemekleri', 'altyazÄ±lÄ± tarifler', 'nefis yemek tarifleri', 'yemek tarifleri', 'Pilzrezepte', 'FrÃ¼hstÃ¼cksrezepte', 'praktische rezepte', 'untertitelte rezepte', 'essen rezepte', 'leckere rezepte', 'Pilzgerichte', 'recettes de champignons', 'recettes de petit dÃ©jeuner', 'recettes sous-titrÃ©es', 'de dÃ©licieuses recettes']",22,none,en,PT3M30S,2d,hd,true,True,rectangular,5338013,52769,0,1793
youtube#video,AvlW1F_SScGnNV-boPKgy6VrJXg,H0z_FL1XkYc,2021-02-05T15:00:11Z,UC5vd0WQuAXAgOcqnucdLB1g,Dolu Kadehi Ters Tut - IslansÄ±n (Official Video),"â€œDKTTâ€ AlbÃ¼mÃ¼ TÃ¼m Dijital Platformlarda YayÄ±nda!
Spotify'dan dinlemek isterseniz: http://spoti.fi/3vzPSlL
Apple Musicâ€™ten dinlemek isterseniz: http://apple.co/3s2RMJ9
AlbÃ¼mÃ¼n tamamÄ±nÄ± YouTube'da dinlemek isterseniz: http://bit.ly/3s1sMCh

Bizi Instagram'dan takip etmek iÃ§in: https://www.instagram.com/dolukadehiterstut
Bizi Twitter'dan takip etmek iÃ§in: https://twitter.com/DoluKadehiTT
Bizi TikTok'tan takip ekmek iÃ§in: https://www.tiktok.com/@dolukadehiterstut

SÃ¶z & MÃ¼zik : Dolu Kadehi Ters Tut
Vokal : UÄŸurhan Ã–zay
Gitar : MÃ¼rsel OÄŸulcan Ava
Geri Vokal : Billur Battal, Dilan Balkay
Produced, Mixed & Mastered by : MÃ¼rsel OÄŸulcan Ava

ProdÃ¼ksiyon Åirketi: Hype Production
YÃ¶netmen : MÃ¼rsel OÄŸulcan Ava
YÃ¼rÃ¼tÃ¼cÃ¼ YapÄ±mcÄ± : AytaÃ§ Bilgin
YardÄ±mcÄ± YÃ¶netmen : Cahit Kaya Demir
Proje YÃ¶neticisi: Berkant Erdem
Reji AsistanÄ± : Mustafa GÃ¼rbÃ¼z
YapÄ±m AsistanÄ± : Ä°rem Geylan
GÃ¶rÃ¼ntÃ¼ YÃ¶netmeni: Alican AkgÃ¼n
Focus Puller : Musa Åahin
Kamera Asist : Tayfun Ã–zkurt
Steady Cam Opr : Ferhat Ã–zel
Edit : Onur Hanay
Color : Ercan KÃ¼Ã§Ã¼k / Post Brothers
DIT: Mustafa Eray Soydan
Set Amiri : Gazi Akbal
Set Ekibi HG Set
IÅŸÄ±k Åefi : Ã–zkan BaÄŸcecik
IÅŸÄ±k AsistanÄ±: Umut DoÄŸan Erim 
IÅŸÄ±k AsistanÄ± : Åefket Ã‡iÃ§ek
IÅŸÄ±k AsistanÄ± : UÄŸur Ekinci
Sanat YÃ¶netmeni : Aynur AktaÅŸ
Sanat AsistanÄ± : Nimet Kazaz
Styling: Lu Style Consulting
Sfx : Onur Ozan
SaÃ§ Makyaj : Ahmet YÄ±ldÄ±rÄ±m Studio
Catering : Sanatsal Yemek
Casting : The CastingKiller, Cast Merkezi
GÃ¶rÃ¼nme SÄ±rasÄ±yla Cast : Serpil Demir, BÃ¼lent TumÄŸa, Musa Berk Kut, Bahruz Aliyev, Hakan Erdil, GÃ¼l KÄ±raÃ§, Elif BaÅŸ, Fatma Selin Demir
UlaÅŸÄ±m : GÃ¼ngÃ¶r Film
Mekan : Dada Salon Kabaret
GÃ¶rsel TasarÄ±m: OÄŸuzcan Pelit

â€œIslansÄ±nâ€  ÅŸarkÄ± sÃ¶zleriyle;

AradÄ±ÄŸÄ±m anda ulaÅŸamazsam
YanÄ±mda olamazsan
Kimleyim emin olamazsÄ±n
Bunu da soramazsÄ±n

Bu gece yalnÄ±z olmamam gerek
Beni biliyosun, anlamam
AzalÄ±yo biâ€™ de bak zaman giderek
Et acele daha da geÃ§ olmadan

BoÅŸver inadÄ± artÄ±k bÄ±rak oluruna

Gel de yataÄŸÄ±m Ä±slansÄ±n
Sabaha kadar alev alsÄ±n, yansÄ±n
Durmam, duramam imkansÄ±z!
Bu gece imkansÄ±z

Biâ€™ sÃ¼rÃ¼ seÃ§enek olsa da
Yok sen gibisi inan bana
Sana kapÄ±m aÃ§Ä±k her zaman
Olurum seninle tastamam

Bu gece yalnÄ±z olmamam gerek
Beni biliyosun anlamam
AzalÄ±yo bi de bak zaman giderek
Et acele daha da geÃ§ olmadan

#dktt #Ä±slansÄ±n","{'default': {'url': 'https://i.ytimg.com/vi/H0z_FL1XkYc/default.jpg', 'width': 120, 'height': 90}, 'medium': {'url': 'https://i.ytimg.com/vi/H0z_FL1XkYc/mqdefault.jpg', 'width': 320, 'height': 180}, 'high': {'url': 'https://i.ytimg.com/vi/H0z_FL1XkYc/hqdefault.jpg', 'width': 480, 'height': 360}, 'standard': {'url': 'https://i.ytimg.com/vi/H0z_FL1XkYc/sddefault.jpg', 'width': 640, 'height': 480}, 'maxres': {'url': 'https://i.ytimg.com/vi/H0z_FL1XkYc/maxresdefault.jpg', 'width': 1280, 'height': 720}}",Dolu Kadehi Ters Tut,,10,none,none,PT3M58S,2d,hd,true,False,rectangular,5142012,75916,0,4513
youtube#video,E3BrCV0eaKZ_wtpPNkSjQMoabqA,-FBwZtuJtMw,2021-05-10T21:35:40Z,UC2C_jShtL725hvbm1arSV9w,A Crime Against Childhood,"SAVE SNOW DAYS: http://twitter.com/share?text=Some%20schools%20are%20trying%20to%20get%20rid%20of%20snow%20days%20and%20replace%20them%20with%20distance%20learning.%20%20It%27s%20a%20crime%20against%20childhood!%20%20We%20cannot%20let%20this%20stand!&url=https://www.youtube.com/watch?v=-FBwZtuJtMw&hashtags=SaveSnowDays

 Thank you, Bonnie Bees, for making this video possible: https://www.patreon.com/cgpgrey

## Bonnie Bees

Steven Snow, Ben Delo, Bob Kunz, Nevin Spoljaric, Bobby, Donal Botkin, BN-12, Ben Schwab, Richard Jenkins, Phil Gardner, Steven Grimm, Chris Chapin, Martin, Andrew Bereza, Rebecca Wortham, Marco Arment, Colin Millions,  , emptymachine, Jason Lewandowski, Saki Comandao, George Lin, Henry Ng, rictic, David Tyler, Jordan Earls, Nick Fish, Nick Gibson, Tyler Bryant, Xueqi, Oliver Steele, iulus, Kermit Norlund, Alex Simonides, Julien Dubois, Christopher Mutchler, Derek Bonner, Mikko, Orbit_Junkie, Ron Bowes, Derek Jackson, Tmas rni Jnasson, Nicholas Welna, Bear, chrysilis, David Palomares, Drago175, Emil, Esteban Santana Santana, Freddi Hrlyck, John Rogers, Peter Lomax, Rhys Parry, ShiroiYami, Tristan Watts-Willis, Veronica Peshterianu, Dag Viggo Loken, John Lee, Maxime Zielony, Elizabeth Keathley, Birdstryke, Rene Duedam

## Music

David Rees: http://www.davidreesmusic.com","{'default': {'url': 'https://i.ytimg.com/vi/-FBwZtuJtMw/default.jpg', 'width': 120, 'height': 90}, 'medium': {'url': 'https://i.ytimg.com/vi/-FBwZtuJtMw/mqdefault.jpg', 'width': 320, 'height': 180}, 'high': {'url': 'https://i.ytimg.com/vi/-FBwZtuJtMw/hqdefault.jpg', 'width': 480, 'height': 360}, 'standard': {'url': 'https://i.ytimg.com/vi/-FBwZtuJtMw/sddefault.jpg', 'width': 640, 'height': 480}, 'maxres': {'url': 'https://i.ytimg.com/vi/-FBwZtuJtMw/maxresdefault.jpg', 'width': 1280, 'height': 720}}",CGP Grey,"['cgpgrey', 'education', 'hello internet']",27,none,en,PT3M30S,2d,hd,true,True,rectangular,3436440,250532,0,18797
youtube#video,-ReyH9eAJNEerl5HPZFJAoEs2YQ,ZQGSZCuPGYE,2021-08-05T15:42:10Z,UC7Gf2tZ8coTX2ckTPgn62iQ,ğŸ’¥Power Practice | Marvel's Spidey and His Amazing Friends | Disney Kids,"While Spidey and Miles are on patrol, they come upon a few civilian problems that help them practice their powers.

#SpideyAndHisAmazingFriends #DisneyKids

Marvel's Spidey and his Amazing Friends tells the story of Peter Parker, Miles Morales and Gwen Stacy, who together form Team Spidey and embark on heroic adventures to protect their community. Geared towards preschoolers and their families, the series models the importance of teamwork and helping others and highlights themes of friendship, cooperation and problem-solving.

Watch more Spidey and his Amazing Friends here â–º https://bit.ly/SpideyandhisAmazingFriends

Youâ€™re watching Disney Kids, where imagination comes to life! Watch exclusive content, get ready to sing-a-long to your favourite Disney songs, enjoy exclusive magical content and moreâœ¨

Subscribe so you donâ€™t miss any Disney Kids fun! â–º http://bit.ly/SubscribeDisney-Kids 

Donâ€™t miss more exclusive content for super fans over on our other channels: 
@Disney Junior
@Marvel HQ
@Star Wars Kids

#disneykids","{'default': {'url': 'https://i.ytimg.com/vi/ZQGSZCuPGYE/default.jpg', 'width': 120, 'height': 90}, 'medium': {'url': 'https://i.ytimg.com/vi/ZQGSZCuPGYE/mqdefault.jpg', 'width': 320, 'height': 180}, 'high': {'url': 'https://i.ytimg.com/vi/ZQGSZCuPGYE/hqdefault.jpg', 'width': 480, 'height': 360}, 'standard': {'url': 'https://i.ytimg.com/vi/ZQGSZCuPGYE/sddefault.jpg', 'width': 640, 'height': 480}}",Disney Kids,"['spidey', 'spidey and his amazing friends', ""marvel's spidey and his amazing friends"", 'spidey and his amazing friends shorts', 'spidey and his amazing friends full episode', 'spidey and his amazing friends full episodes', 'spidey cartoon', 'spiderman', 'spiderman cartoon', 'disney junior', 'disney junior uk', 'disney', 'kids tv show', 'best for kids', 'cartoons for kids', 'spider-man', 'hulk', 'avengers', 'black panther', 'miles morales', 'gwen stacy', 'ghost spider', 'peter parker', 'green goblin', 'marvel', 'djr', 'power practice']",24,none,none,PT2M24S,2d,hd,false,True,rectangular,3379190,6596,0,0
youtube#video,C4fWZzUS1H9CWrq3UJKYloFV_ww,6oGmJiXDsGY,2021-01-03T12:00:04Z,UCwF0yjCUXizQ7w273lHStWw,MASKENÄ° TAK ğŸ˜· I COVID-19 FARKINDALIK ÅARKISI I SÄ°NGOSONGO TV Ã‡OCUK ÅARKILARI ğŸ¶ #EvdeKal #StayHome,"Merhaba arkadaÅŸlar,

""Maskeni Tak"" ÅŸarkÄ±sÄ± ile Covid-19 virÃ¼sÃ¼nÃ¼n neden olduÄŸu salgÄ±n dÃ¶neminde kendimizi, ailemizi ve sevdiklerimizi hastalÄ±ktan korumak iÃ§in almamÄ±z gereken Ã¶nlemleri anlattÄ±k. ""Maskeni Tak"" ÅŸarkÄ±sÄ±nÄ± ailenizle ve sevdiklerinizle paylaÅŸmayÄ± unutmayÄ±n â¤ï¸

ğŸ‘‰Spotify'da dinlemek iÃ§in: https://spoti.fi/3pNIEXB
ğŸ‘‰Apple Music'te dinlemek iÃ§in: https://apple.co/3ocaf49

SingoSongo TVâ€™de birbirinden eÄŸlenceli ve eÄŸitici ÅŸarkÄ±lar bir arada! ÅarkÄ±lara eÅŸlik ederken birlikte dans ediyoruz ğŸ£

ğŸ”” Her hafta 2 yeni ÅŸarkÄ± ve eÄŸlenceli videolarÄ± iÃ§in kanala abone olmayÄ± unutmayÄ±n: https://bit.ly/3nt4a2B

ğŸ‘Bizi Sosyal Medyada Takip Edin:
Instagram: https://www.instagram.com/singosongotv
Facebook: https://www.facebook.com/singosongotv
Twitter: https://twitter.com/singosongotv

Â© 2021 VideoNet

Seslendiren: Nisa Ceren Ã–zen 
SÃ¶z: Duygu Cinemre 
DÃ¼zenleme: Onur KoÃ§

âœÅarkÄ± SÃ¶zleri:
Ellerini temiz tut, dokunma hiÃ§ kimseye
Maskeni tak yÃ¼zÃ¼ne, anlaÅŸÄ±rÄ±z gÃ¶zlerle

Mikroplar korkar hemen maske ve temizlikten
Bir de uzak durmalÄ± yanÄ±ndaki kiÅŸiden

Maske, mesafe, temizlik
Mikroplar kaÃ§ar senden
SaÄŸlÄ±klÄ± beslenirsen gÃ¼Ã§lÃ¼ olur bu beden

Ellerini kÃ¶pÃ¼rt su ve sabunla
Maskeni tak burnuna hemen kapat
DolaÅŸÄ±rken sokakta, parkta biraz uzak dur arkadaÅŸÄ±nla

Mikroplar korkar hemen maske ve temizlikten
Bir de uzak durmalÄ± yanÄ±ndaki kiÅŸiden
Mikroplar korkar hemen maske ve temizlikten
Bir de uzak durmalÄ± yanÄ±ndaki kiÅŸiden

#SingoSongoTV #Ã‡ocukÅarkÄ±larÄ± #NurseryRhymes","{'default': {'url': 'https://i.ytimg.com/vi/6oGmJiXDsGY/default.jpg', 'width': 120, 'height': 90}, 'medium': {'url': 'https://i.ytimg.com/vi/6oGmJiXDsGY/mqdefault.jpg', 'width': 320, 'height': 180}, 'high': {'url': 'https://i.ytimg.com/vi/6oGmJiXDsGY/hqdefault.jpg', 'width': 480, 'height': 360}, 'standard': {'url': 'https://i.ytimg.com/vi/6oGmJiXDsGY/sddefault.jpg', 'width': 640, 'height': 480}, 'maxres': {'url': 'https://i.ytimg.com/vi/6oGmJiXDsGY/maxresdefault.jpg', 'width': 1280, 'height': 720}}",SingoSongo Tv,"['singosongotv', 'isme Ã¶zel Ã§ocuk ÅŸarkÄ±larÄ±', 'isme Ã¶zel ÅŸarkÄ±lar', 'Ã§ocuk ÅŸarkÄ±larÄ±', 'nursery rhymes', 'kids song dance', 'singosongo', 'parkta oynuyor', 'parkta oyun zamanÄ±', 'eÄŸlenceli ÅŸarkÄ±lar', 'eÄŸlenceli videolar', 'eÄŸitici Ã§oÃ§uk ÅŸarkÄ±larÄ± dinle', 'okul Ã¶ncesi ÅŸarkÄ±lar', 'songs for kids', 'bebek ÅŸarkÄ±larÄ±', 'Ã§ocuk ÅŸarkÄ±larÄ± dinle', 'tÃ¼rkÃ§e Ã§oÃ§uk ÅŸarkÄ±larÄ± dinle', 'singosongo tv', 'maskeni tak', 'maskeni tak ÅŸarkÄ±sÄ±', 'covid 19', 'evde kal', 'ellerini yÄ±ka', 'singosongo yemek', 'singo singo', 'singosongo isme Ã¶zel']",24,none,none,PT1M19S,2d,hd,true,True,rectangular,3249769,2859,0,0
youtube#video,aEywu2avLh5tslQRQYKEhdxwx14,pklyQ7cdxMY,2021-06-14T16:01:14Z,UCb5JnbJtln6ODxv6cUY4ZGw,EMOJÄ° DERLEME SERÄ°SÄ° ğŸ¤” #shorts,EMOJÄ° DERLEME SERÄ°SÄ° ğŸ¤” #shorts,"{'default': {'url': 'https://i.ytimg.com/vi/pklyQ7cdxMY/default.jpg', 'width': 120, 'height': 90}, 'medium': {'url': 'https://i.ytimg.com/vi/pklyQ7cdxMY/mqdefault.jpg', 'width': 320, 'height': 180}, 'high': {'url': 'https://i.ytimg.com/vi/pklyQ7cdxMY/hqdefault.jpg', 'width': 480, 'height': 360}, 'standard': {'url': 'https://i.ytimg.com/vi/pklyQ7cdxMY/sddefault.jpg', 'width': 640, 'height': 480}}",ANOX PUBG,,20,none,none,PT44S,2d,hd,false,True,rectangular,3197571,156327,0,776
youtube#video,yOTH_C0NTzi3ru45pLfdktyVkCg,cEHHIx3HeYY,2021-05-18T18:45:54Z,UCb5JnbJtln6ODxv6cUY4ZGw,Ä°LK BAÅTA DALGA GEÃ‡TÄ°LER SONRA Ã–ZÃœR DÄ°LEDÄ°LER ğŸ¤” / PUBG MOBILE #shorts,"Ä°LK BAÅTA DALGA GEÃ‡TÄ°LER SONRA Ã–ZÃœR DÄ°LEDÄ°LER ğŸ¤” / PUBG MOBILE #shorts
Lobi bayrak troll
#shorts #pubgmobile #bayraktroll","{'default': {'url': 'https://i.ytimg.com/vi/cEHHIx3HeYY/default.jpg', 'width': 120, 'height': 90}, 'medium': {'url': 'https://i.ytimg.com/vi/cEHHIx3HeYY/mqdefault.jpg', 'width': 320, 'height': 180}, 'high': {'url': 'https://i.ytimg.com/vi/cEHHIx3HeYY/hqdefault.jpg', 'width': 480, 'height': 360}, 'standard': {'url': 'https://i.ytimg.com/vi/cEHHIx3HeYY/sddefault.jpg', 'width': 640, 'height': 480}}",ANOX PUBG,,20,none,none,PT1M,2d,sd,false,True,rectangular,2467861,122425,0,949
youtube#video,6v1WnULhc2iXmRdQX7iInUe8qH0,7ufkMTshjz8,2021-09-27T03:25:54Z,UCK6cr8UqdrKZ4213X-FOStQ,1492: Conquest of Paradise â€¢ Main Theme â€¢ Vangelis,"Soundtrack from the 1992 Ridley Scott film ""1492: Conquest of Paradise,"" with Gerard Depardieu, Sigourney Weaver, TchÃ©ky Karyo, Angela Molina, Fernando Rey, Michael Wincott, Kevin Dunn, Mark Margolis, Frank Langella & Armand Assante. --- HD Film Tributes is a channel with over three hundred movie homages currently posted. We make zero money from YouTube as obviously none of these edits will ever be monetized by us. Any and all ad revenue from these videos goes directly to Google as well as to the various copyright owners, the film studios and the recording industry. -- Please consider supporting HD Film Tributes and our editing efforts with a donation via PayPal. Your help will be very much appreciated. Thank you! - https://paypal.me/HDFilmTributes","{'default': {'url': 'https://i.ytimg.com/vi/7ufkMTshjz8/default.jpg', 'width': 120, 'height': 90}, 'medium': {'url': 'https://i.ytimg.com/vi/7ufkMTshjz8/mqdefault.jpg', 'width': 320, 'height': 180}, 'high': {'url': 'https://i.ytimg.com/vi/7ufkMTshjz8/hqdefault.jpg', 'width': 480, 'height': 360}, 'standard': {'url': 'https://i.ytimg.com/vi/7ufkMTshjz8/sddefault.jpg', 'width': 640, 'height': 480}}",HD Film Tributes,,24,none,none,PT4M50S,2d,hd,false,False,rectangular,2167716,29393,0,757
youtube#video,WQD6t3SddtPYDxMlyLZIau6O0Tw,A80s23lAJzY,2021-03-11T18:52:29Z,UCTRprXaBda35s4j1I1Td5bA,How to emergency repair a broken carbon bike NOT A PERMANENT FIX #Shorts,"Full video and link to Fiber Fix: https://youtu.be/n9ltKk76neQ
#Shorts","{'default': {'url': 'https://i.ytimg.com/vi/A80s23lAJzY/default.jpg', 'width': 120, 'height': 90}, 'medium': {'url': 'https://i.ytimg.com/vi/A80s23lAJzY/mqdefault.jpg', 'width': 320, 'height': 180}, 'high': {'url': 'https://i.ytimg.com/vi/A80s23lAJzY/hqdefault.jpg', 'width': 480, 'height': 360}, 'standard': {'url': 'https://i.ytimg.com/vi/A80s23lAJzY/sddefault.jpg', 'width': 640, 'height': 480}, 'maxres': {'url': 'https://i.ytimg.com/vi/A80s23lAJzY/maxresdefault.jpg', 'width': 1280, 'height': 720}}",Syd Fixes Bikes,"['syd fixes bikes', 'woman mechanic', 'bike maintenance', 'bike maintenance how-to', 'diy bike maintenance', 'fix your bike', 'how to fix your bike', 'welcome to the shed', 'learn to fix your bike', 'wrench on bike', 'diy bike mechanic', 'learn to be a bike mechanic', 'work on your own bike', 'bike repair', 'bike maintenance tutorial', 'female mechanic', 'carbon repair', 'carbon repair bike', 'fix a broken carbon bike', 'trailside carbon repair', 'repair carbon fiber bike frame', 'repair carbon mtb', 'fixer fix bike']",26,none,none,PT34S,2d,hd,false,True,rectangular,1871149,35722,0,455
youtube#video,SZq-8D--DCm5-2qYguO7Nxf9zY0,ejyXSEzExUE,2021-07-21T11:53:51Z,UCfUs2fCDhx07fkszsJ0jOcA,Thermo Scientificâ„¢ Armadilloâ„¢ PCR Strip Plates,"https://www.thermofisher.com/us/en/home/brands/thermo-scientific/molecular-biology/thermo-scientific-pcr/thermo-scientific-plastics-consumables/armadillo-plates.html?cid=bid_mol_pch_r01_co_cp1358_pjt7494_col016103_0so_yut_vo_awa_kt_s24_ts_ss633

Thermo Scientificâ„¢ Armadilloâ„¢ PCR Strip Plates can be easily and safely broken into 8-tube strips to provide maximum scalability while minimizing waste. Specially designed with a warp-resistant frame, Armadillo PCR Strip plates are the ultimate choice for high-throughput PCR and automated handling.

#pcr #thermalcycling #thermalcyclers","{'default': {'url': 'https://i.ytimg.com/vi/ejyXSEzExUE/default.jpg', 'width': 120, 'height': 90}, 'medium': {'url': 'https://i.ytimg.com/vi/ejyXSEzExUE/mqdefault.jpg', 'width': 320, 'height': 180}, 'high': {'url': 'https://i.ytimg.com/vi/ejyXSEzExUE/hqdefault.jpg', 'width': 480, 'height': 360}, 'standard': {'url': 'https://i.ytimg.com/vi/ejyXSEzExUE/sddefault.jpg', 'width': 640, 'height': 480}, 'maxres': {'url': 'https://i.ytimg.com/vi/ejyXSEzExUE/maxresdefault.jpg', 'width': 1280, 'height': 720}}",Thermo Fisher Scientific,"['armadillo', 'automation', 'liquid handler', 'pcr', 'pcr plastics', 'plates', 'qpcr', 'strip plates', 'pcr consumables', 'qpcr plastics', 'thermal cycler plastics', 'how does a thermal cycler work', 'pcr rapid test tutorial', 'pcr plate', '96 well pcr plate', '96 well plate', 'seal plate replacement', 'pcr tube strips', 'plate seal', 'plate seal applicator', 'thermal cyclers', 'thermal cycler working principle', 'thermal cycler pcr machine', 'plate sealer', 'thermal cycler', 'rmr sealing plate install', 'pcr plate sealer']",28,none,none,PT1M37S,2d,hd,false,False,rectangular,1539267,10,0,1
youtube#video,jc6ESz0bWBi22nJ-l7t2nPn6d7Q,AwgFfanQqBg,2021-08-07T08:46:08Z,UClCOHrfA4aER-p0JczK9nkA,"Rani Mobilya, Online Mobilya'da En GÃ¼venilir Adres!","ÃœrÃ¼nlerimizi gÃ¶rÃ¼ntÃ¼lemek isterseniz linke tÄ±klayÄ±nÄ±z!

Rani A4 Duvar RaflÄ± Tv SehpasÄ± - KitaplÄ±klÄ± Tv Ãœnitesi Modern AyaklÄ± TasarÄ±m Beyaz
Stok Kodu:181
https://www.rani.com.tr/products/rani-a4-duvar-rafli-tv-sehpasi-kitaplikli-tv-unitesi-modern-ayakli-tasarim-beyaz?variant=31274546036759

Rani A9 Duvar RaflÄ± KitaplÄ±klÄ± Tv Ãœnitesi Duvara Monte DolaplÄ± Modern AyaklÄ± Tv SehpasÄ± Ceviz M27
Stok Kodu:284
https://www.rani.com.tr/products/rani-a9-duvar-rafli-kitaplikli-tv-unitesi-duvara-monte-dolapli-modern-ayakli-tv-sehpasi-ceviz-m27?variant=31050585112599

Rani F3 Ã‡ok AmaÃ§lÄ± Dolap 4 RaflÄ± Banyo Balkon Mutfak Kiler Erzak DolabÄ± Beyaz M9
Stok Kodu:1126
https://www.rani.com.tr/products/rani-f3-cok-amacli-dolap-4-rafli-banyo-balkon-mutfak-kiler-erzak-dolabi-beyaz-m9?variant=31080999059479

Rani F5 Ã‡ok AmaÃ§lÄ± Dolap 3 RaflÄ± 1 Ã‡ekmeceli Banyo Balkon Mutfak Kiler Erzak DolabÄ± keÃ§e Ceviz Beyaz
Stok Kodu:1796
https://www.rani.com.tr/products/rani-f5-cok-amacli-dolap-3-rafli-1-cekmeceli-banyo-balkon-mutfak-kiler-erzak-dolabi-kece-ceviz-beyaz?variant=39274031185943

Rani P2 Modern Portmanto Duvar AskÄ±sÄ± Vestiyer AskÄ±lÄ±k
Stok Kodu:439
https://www.rani.com.tr/products/rani-p2-modern-portmanto-duvar-askisi-beyaz-vestiyer?variant=31274546954263

Rani P3 AynalÄ± Duvar AskÄ±sÄ± Boy AynasÄ± KeÃ§e Ceviz Beyaz Vestiyer
Stok Kodu:1770
https://www.rani.com.tr/products/rani-p3-aynali-duvar-askisi-boy-aynasi-kece-ceviz-beyaz-vestiyer?variant=33050479755287

Rani F4 GeniÅŸ GardÄ±rop Elbise DolabÄ± 6 KapÄ±lÄ± 2 Ã‡ekmeceli 2 AskÄ±lÄ± 12 RaflÄ± Ceviz Beyaz
Stok Kodu:524
https://www.rani.com.tr/products/rani-f4-genis-gardirop-elbise-dolabi-6-kapili-2-cekmeceli-2-askili-12-rafli-ceviz-beyaz?variant=31050634395671

Rani BA101 GardÄ±rop Elbise DolabÄ± 4 KapÄ±lÄ± 2 Ã‡ekmeceli 2 AskÄ±lÄ± 1 RaflÄ± Beyaz
Stok Kodu:1853
https://www.rani.com.tr/products/rani-ba101-gardirop-elbise-dolabi-4-kapili-2-cekmeceli-2-askili-1-rafli-beyaz?variant=39316123123735

Rani X1 Ã–zel TasarÄ±m 4 RaflÄ± GeniÅŸ KitaplÄ±k Dekoratif Ã‡alÄ±ÅŸma OdasÄ± KÃ¼tÃ¼phane Modern Duvar RafÄ± Ceviz
Stok Kodu:166
https://www.rani.com.tr/products/rani-x1-ozel-tasarim-4-rafli-genis-kitaplik-dekoratif-calisma-odasi-kutuphane-modern-duvar-rafi-ceviz?variant=31280192290839

Rani M1 KitaplÄ±k 5 RaflÄ± Ã‡alÄ±ÅŸma OdasÄ± KÃ¼tÃ¼phane Modern Duvar RafÄ± Beyaz R4
Stok Kodu:1445
https://www.rani.com.tr/products/rani-m1-kitaplik-5-rafli-calisma-odasi-kutuphane-modern-duvar-rafi-beyaz-r4?variant=31750959104023

Rani BD105 Modern AyaklÄ± RaflÄ± Ã‡ekmeceli Komodin MinyatÃ¼r Ceviz Beyaz
Stok Kodu:1885
https://www.rani.com.tr/products/rani-bd105-modern-ayakli-rafli-cekmeceli-komodin-minyatur-ceviz-beyaz?variant=39324089122839

Rani BD103 2 Ã‡ekmeceli Komodin Beyaz MinyatÃ¼r Sol
Stok Kodu:1947
https://www.rani.com.tr/products/rani-bd103-2-cekmeceli-komodin-beyaz-minyatur?variant=39353684066327

Rani G1 Ã‡ok AmaÃ§lÄ± Oyuncak Saklama DolabÄ± 6 RaflÄ± Ã‡ekmeceli KeÃ§e Ceviz Beyaz
Stok Kodu:1756
https://www.rani.com.tr/products/rani-g1-cok-amacli-oyuncak-saklama-dolabi-6-rafli-cekmeceli-kece-ceviz-beyaz?variant=33026519859223

Rani G1 Ã‡ok AmaÃ§lÄ± Oyuncak Saklama DolabÄ± 6 RaflÄ± Ã‡ekmeceli KeÃ§e Ceviz
Stok Kodu:1753
https://www.rani.com.tr/products/rani-g1-cok-amacli-oyuncak-saklama-dolabi-6-rafli-cekmeceli-kece-ceviz?variant=33026531655703

Rani BE102 4 Ã‡ekmeceli Åifonyer MinyatÃ¼r Ceviz Beyaz
Stok Kodu:1892
https://www.rani.com.tr/products/rani-be102-4-cekmeceli-sifonyer-minyatur-ceviz-beyaz?variant=39329117208599

Rani BE102 4 Ã‡ekmeceli Åifonyer MinyatÃ¼r Ceviz Beyaz
Stok Kodu:1892
https://www.rani.com.tr/products/rani-be102-4-cekmeceli-sifonyer-minyatur-ceviz-beyaz?variant=39329117208599

Rani BE101 4 Ã‡ekmeceli Åifonyer Beyaz MinyatÃ¼r Ceviz
Stok Kodu:1889
https://www.rani.com.tr/products/rani-be101-4-cekmeceli-sifonyer-beyaz-minyatur-ceviz?variant=39329117077527

DiÄŸer Ã¼rÃ¼nlerimizi incelemek isterseniz sayfamÄ±zÄ± ziyaret edebilirsiniz.
https://www.rani.com.tr/","{'default': {'url': 'https://i.ytimg.com/vi/AwgFfanQqBg/default.jpg', 'width': 120, 'height': 90}, 'medium': {'url': 'https://i.ytimg.com/vi/AwgFfanQqBg/mqdefault.jpg', 'width': 320, 'height': 180}, 'high': {'url': 'https://i.ytimg.com/vi/AwgFfanQqBg/hqdefault.jpg', 'width': 480, 'height': 360}, 'standard': {'url': 'https://i.ytimg.com/vi/AwgFfanQqBg/sddefault.jpg', 'width': 640, 'height': 480}}",Rani Mobilya,,26,none,none,PT23S,2d,hd,false,False,rectangular,1246665,116,0,0
youtube#video,gk3-_tmPw4vDyeXI2dVLRYL16fE,hGpCl4g6qos,2021-06-13T11:32:50Z,UCb5JnbJtln6ODxv6cUY4ZGw,50K YA ADIM ADIM DESTEK DOSTLAR ğŸ¤” #shorts,50K YA ADIM ADIM DESTEK DOSTLAR ğŸ¤” #shorts,"{'default': {'url': 'https://i.ytimg.com/vi/hGpCl4g6qos/default.jpg', 'width': 120, 'height': 90}, 'medium': {'url': 'https://i.ytimg.com/vi/hGpCl4g6qos/mqdefault.jpg', 'width': 320, 'height': 180}, 'high': {'url': 'https://i.ytimg.com/vi/hGpCl4g6qos/hqdefault.jpg', 'width': 480, 'height': 360}, 'standard': {'url': 'https://i.ytimg.com/vi/hGpCl4g6qos/sddefault.jpg', 'width': 640, 'height': 480}}",ANOX PUBG,,20,none,none,PT25S,2d,hd,false,True,rectangular,1133020,52013,0,368
youtube#video,wug0oFUJqesEc1gaNHIm1snMXeo,p0xy-LoDi94,2021-07-03T05:00:56Z,UCK6cr8UqdrKZ4213X-FOStQ,M*A*S*H â€¢ Suicide Is Painless â€¢ Johnny Mandel,"Soundtrack from the 1970 Robert Altman film, ""MASH"" with Donald Sutherland, Elliot Gould, Tom Skerritt, Sally Kellerman, Robert Duvall, Gary Burghoff, RenÃ© Auberjonois, Roger Bowen, David Arkin, Jo Ann Pflug, John Schuck, Carl Gottlieb, Fred Williamson, Michael Murphy, Bud Cort, G. Wood & Bobby Troup. --- HD Film Tributes is a channel with over three hundred movie homages currently posted. We make zero money from YouTube as obviously none of these edits will ever be monetized by us. Any and all ad revenue from these videos goes directly to Google as well as to the various copyright owners, the film studios and the recording industry. -- Please consider supporting HD Film Tributes and our editing efforts with a donation via PayPal. Your help will be very much appreciated. Thank you! - https://paypal.me/HDFilmTributes","{'default': {'url': 'https://i.ytimg.com/vi/p0xy-LoDi94/default.jpg', 'width': 120, 'height': 90}, 'medium': {'url': 'https://i.ytimg.com/vi/p0xy-LoDi94/mqdefault.jpg', 'width': 320, 'height': 180}, 'high': {'url': 'https://i.ytimg.com/vi/p0xy-LoDi94/hqdefault.jpg', 'width': 480, 'height': 360}}",HD Film Tributes,,24,none,none,PT3M21S,2d,hd,false,False,rectangular,744796,10195,0,488
youtube#video,YQnHNOrjEiB8kEyQrkEB5YmhMas,T7juSYLycds,2021-03-05T21:59:36Z,UCZdPI0-DYD_KVTzej8GIvjg,Keep the roof INTACT with SOLAR STACK!,"An average residential solar installation will create 75-100 new holes in your roof. Why damage your roof when you can avoid these problems and meet the strictest wind code requirements in the US at the same time with Solar Stack? 

Keep the roof INTACT with SOLAR STACK!

www.solarstack.com","{'default': {'url': 'https://i.ytimg.com/vi/T7juSYLycds/default.jpg', 'width': 120, 'height': 90}, 'medium': {'url': 'https://i.ytimg.com/vi/T7juSYLycds/mqdefault.jpg', 'width': 320, 'height': 180}, 'high': {'url': 'https://i.ytimg.com/vi/T7juSYLycds/hqdefault.jpg', 'width': 480, 'height': 360}, 'standard': {'url': 'https://i.ytimg.com/vi/T7juSYLycds/sddefault.jpg', 'width': 640, 'height': 480}, 'maxres': {'url': 'https://i.ytimg.com/vi/T7juSYLycds/maxresdefault.jpg', 'width': 1280, 'height': 720}}",Solar Stack Media,"['solar stack', 'solarstack', 'solar', 'energy', 'solar energy', 'renewable energy', 'solar power', 'solar panels', 'clean energy', 'solar install', 'no holes', 'zero penetrations', 'go solar', 'solar pv']",28,none,none,PT54S,2d,hd,false,False,rectangular,643385,34,0,5
youtube#video,XtY7wOcN3Avf-OFxo1QZ9HaXkcA,c7AHkuUqlFI,2021-07-02T20:17:06Z,UC6uKrU_WqJ1R2HMTY3LIx5Q,What is expansion ratio? #shorts,"What's the expansion ratio of a rocket engine? Expansion ratio is the ratio between the area of the throat and the area of the nozzle exit. A nozzleâ€™s job is to convert high pressure into high speed exhaust gas, the faster the engine throws propellant out the back, the better. 

Want to learn more? Watch my in-depth video on aerospike engines, we go real deep into it! https://youtu.be/D4SaofKCYwo

--------------------------

Want to support what I do? Consider becoming a Patreon supporter for access to exclusive livestreams, our discord channel and subreddit! - http://patreon.com/everydayastronaut

Or become a YouTube member for some bonus perks as well! - https://www.youtube.com/channel/UC6uKrU_WqJ1R2HMTY3LIx5Q/join

The best place for all your space merch needs!
https://everydayastronaut.com/shop/

All music is original! Check out my album ""Maximum Aerodynamic Pressure"" anywhere you listen to music (Spotify, iTunes, Google Play, Amazon, etc) or click here for easy links - http://everydayastronaut.com/music","{'default': {'url': 'https://i.ytimg.com/vi/c7AHkuUqlFI/default.jpg', 'width': 120, 'height': 90}, 'medium': {'url': 'https://i.ytimg.com/vi/c7AHkuUqlFI/mqdefault.jpg', 'width': 320, 'height': 180}, 'high': {'url': 'https://i.ytimg.com/vi/c7AHkuUqlFI/hqdefault.jpg', 'width': 480, 'height': 360}, 'standard': {'url': 'https://i.ytimg.com/vi/c7AHkuUqlFI/sddefault.jpg', 'width': 640, 'height': 480}, 'maxres': {'url': 'https://i.ytimg.com/vi/c7AHkuUqlFI/maxresdefault.jpg', 'width': 1280, 'height': 720}}",Everyday Astronaut,"['expansion ratio', 'expansion nozzle', 'vacuum nozzle', 'sea level rocket', 'difference between vacuum raptor and sea level', 'merdlin sea level vs vacuum', 'rap vac', 'rapvac', 'rVac', 'Merlin Vacuum', 'Vacuum optimized nozzle']",28,none,en,PT55S,2d,hd,false,True,rectangular,625668,33388,0,595
youtube#video,35xziAYEDe0hqb_G9mn5wxZC9eI,eejxamfk5j0,2021-03-12T18:00:11Z,UCdFNIiWjqOYfdGkcCAmQKbw,"Glory, Honor, Power | Influence Music, Melody Noel, & Matt Gilman | Live at Influence Church","Official Live Video for ""Glory, Honor, Power"" featuring Melody Noel & Matt Gilman by Influence Music. 

""ages"" Album Available Now! https://sdg.lnk.to/ages

Thank you for watching, sharing and being a part of our history. With love. - Influence Music 

Voice of many. Voice of One.  // SÃ˜LI DEÃ˜ GLÃ˜RIâ‚³

Follow Influence Music:
Facebook: https://www.facebook.com/influencemus...â€‹
Instagram: https://www.instagram.com/influencemu...â€‹
Website: https://www.influencemusicofficial.comâ€‹

LYRICS
Most worthy 
Worthy of praise
Exalted
Above all things
My God, You are my God

Your splendor
And majesty
Your wonder
Fills everything
My God, You are my God

CHORUS
Holy is the Lord
Holy is the Lord Almighty
Seated on the throne
Seated on the throne of Glory
High and lifted up
Your presence fills the temple when we worship You
Oh, we worship You

VERSE
Creation                                 
Points to the King                   
The Heavens                                      
Canâ€™t help but sing to You
To You, our God

CHORUS

BRIDGE
Hallelujah to the One who came and made a way
Hallelujah to the One who died and rose again
Hallelujah to the only Name above all Names
Glory and honor and power forever","{'default': {'url': 'https://i.ytimg.com/vi/eejxamfk5j0/default.jpg', 'width': 120, 'height': 90}, 'medium': {'url': 'https://i.ytimg.com/vi/eejxamfk5j0/mqdefault.jpg', 'width': 320, 'height': 180}, 'high': {'url': 'https://i.ytimg.com/vi/eejxamfk5j0/hqdefault.jpg', 'width': 480, 'height': 360}, 'standard': {'url': 'https://i.ytimg.com/vi/eejxamfk5j0/sddefault.jpg', 'width': 640, 'height': 480}, 'maxres': {'url': 'https://i.ytimg.com/vi/eejxamfk5j0/maxresdefault.jpg', 'width': 1280, 'height': 720}}",Influence Music,"['influence music', 'influence', 'Glory Honor Power', 'influence music glory honor power', 'glory honor power influence music', 'live influence music', 'worship music', 'worship', 'new influence songs', 'new influence music songs', 'Melody Noel', 'influence music melody noel', 'melody noel influence music', 'AGES influence music', 'influence music ages', 'matt gilman', 'matt gilman influence music', 'influence music matt gilman', 'glory honor power to the one who reigns forever', 'glory', 'honor', 'power', 'spirit lead me']",10,none,none,PT4M45S,2d,hd,false,True,rectangular,593388,6789,0,167
youtube#video,ffOrZh06OjZatuGrcrQt6Y82-WU,iEGMu88uD28,2021-11-14T00:31:15Z,UCb5JnbJtln6ODxv6cUY4ZGw,TR NO1 LOBÄ°SÄ°ï¿¼ BAK BÄ° CLAN / PUBG MOBÄ°LE,TR NO1 LOBÄ°SÄ° BAK BÄ° CLAN / PUBG MOBÄ°LE,"{'default': {'url': 'https://i.ytimg.com/vi/iEGMu88uD28/default.jpg', 'width': 120, 'height': 90}, 'medium': {'url': 'https://i.ytimg.com/vi/iEGMu88uD28/mqdefault.jpg', 'width': 320, 'height': 180}, 'high': {'url': 'https://i.ytimg.com/vi/iEGMu88uD28/hqdefault.jpg', 'width': 480, 'height': 360}, 'standard': {'url': 'https://i.ytimg.com/vi/iEGMu88uD28/sddefault.jpg', 'width': 640, 'height': 480}}",ANOX PUBG,,20,none,none,PT18S,2d,hd,false,True,rectangular,583549,28088,0,338
youtube#video,qhYrQEfoGh0M1wyXpXFrq2Aj09A,lx1e5xakqKM,2021-07-22T10:06:10Z,UC-dYjX8MJuC2cBAymSb2OIg,Guess what room it is!,Guess the rooms of a house and learn some new furniture items vocabulary. Voiced by Amanda Ozyurek.,"{'default': {'url': 'https://i.ytimg.com/vi/lx1e5xakqKM/default.jpg', 'width': 120, 'height': 90}, 'medium': {'url': 'https://i.ytimg.com/vi/lx1e5xakqKM/mqdefault.jpg', 'width': 320, 'height': 180}, 'high': {'url': 'https://i.ytimg.com/vi/lx1e5xakqKM/hqdefault.jpg', 'width': 480, 'height': 360}, 'standard': {'url': 'https://i.ytimg.com/vi/lx1e5xakqKM/sddefault.jpg', 'width': 640, 'height': 480}, 'maxres': {'url': 'https://i.ytimg.com/vi/lx1e5xakqKM/maxresdefault.jpg', 'width': 1280, 'height': 720}}",Armagan Citak,"['english', 'english teaching', 'english teacher', 'students', 'kids', 'child', 'children', 'education', 'school', 'young learners', 'very young learners', 'mobilyalar', 'furniture items', 'house', 'house vocabulary', 'rooms of a house']",27,none,none,PT3M29S,2d,hd,false,True,rectangular,527039,3730,0,0
youtube#video,hw4xT_zkk2rB4dMrAGtm6BvL9Qw,QS5svMoKpas,2021-06-30T14:50:18Z,UC7fWeaHhqgM4Ry-RMpM2YYw,Bidenâ€™s real record on race,"Joe Biden claims to have been deeply involved in the struggle for racial equality and civil rights in the United States. But whatâ€™s his real record on race? 
#JoeBiden


Subscribe: http://trt.world/subscribe
Livestream: http://trt.world/ytlive
Facebook: http://trt.world/facebook
Twitter: http://trt.world/twitter
Instagram: http://trt.world/instagram
Visit our website: http://trt.world","{'default': {'url': 'https://i.ytimg.com/vi/QS5svMoKpas/default.jpg', 'width': 120, 'height': 90}, 'medium': {'url': 'https://i.ytimg.com/vi/QS5svMoKpas/mqdefault.jpg', 'width': 320, 'height': 180}, 'high': {'url': 'https://i.ytimg.com/vi/QS5svMoKpas/hqdefault.jpg', 'width': 480, 'height': 360}, 'standard': {'url': 'https://i.ytimg.com/vi/QS5svMoKpas/sddefault.jpg', 'width': 640, 'height': 480}}",TRT World,"['Biden Racism', 'Joe Bide Race', 'Joe Biden Racial Equality', 'Joe Biden Racism', 'Joe Biden on Racism', 'TRT', 'TRT News', 'TRT World', 'US Biden Racism']",25,none,none,PT5M38S,2d,hd,false,False,rectangular,499624,9957,0,3122
youtube#video,f6yN4npDKXOURmRZ9R5c8SqKRW4,jrJu-afxrFo,2021-09-11T14:56:56Z,UCpdSUUHlxMjO0c5824FGcsA,GeldiÄŸi gibi attÄ±: CRISTIANO RONALDO! ğŸ˜¤,"12 yÄ±l aradan sonra golle dÃ¶ndÃ¼!

Ä°ngiltere Ligi S Sportâ€™ta!

S Sport Plusâ€™a abone olun: http://bit.ly/-ssportplus
KanalÄ±mÄ±za abone olun: https://www.youtube.com/channel/UCpdSUUHlxMjO0c5824FGcsA?sub_confirmation=1
S Sport'ta PL kanalÄ±mÄ±za abone olun: https://www.youtube.com/channel/UCp8ARZ_a0IOEIjrMJJfjQ-g?sub_confirmation=1
Bizi Instagram'da takip edin: https://www.instagram.com/ssporttr/
Bizi Twitter'da takip edin: https://twitter.com/ssporttr/
Bizi Facebook'ta takip edin: https://www.facebook.com/ssporttr/

#MUNNEW #SSport #PremierLeague #MaÃ§Ã–zetleri","{'default': {'url': 'https://i.ytimg.com/vi/jrJu-afxrFo/default.jpg', 'width': 120, 'height': 90}, 'medium': {'url': 'https://i.ytimg.com/vi/jrJu-afxrFo/mqdefault.jpg', 'width': 320, 'height': 180}, 'high': {'url': 'https://i.ytimg.com/vi/jrJu-afxrFo/hqdefault.jpg', 'width': 480, 'height': 360}, 'standard': {'url': 'https://i.ytimg.com/vi/jrJu-afxrFo/sddefault.jpg', 'width': 640, 'height': 480}, 'maxres': {'url': 'https://i.ytimg.com/vi/jrJu-afxrFo/maxresdefault.jpg', 'width': 1280, 'height': 720}}",S Sport,"['Ä±ngÄ±ltere ligi', 'ingilte ligi', 'ingiltere ligi', 'prem lig', 'premier league', 'premier ligi', 'macin ozeti', 'macin Ã¶zeti', 'maÃ§ Ã¶zeti', 'maÃ§ Ã¶zetleri', 's sport', 'premier league maÃ§ Ã¶zetleri', 'ssport', 's sport premier lig', 'ingiltere premier lig maÃ§ Ã¶zetleri', 'premiere league', 's sports', 'ronaldo', 'ronaldo gol', 'united ronaldo gol', 'manchester united ronaldo gol', 'cristiano ronaldo gol', 'cr7 gol', 'ronaldo gol newcastle']",17,none,none,PT33S,2d,hd,false,True,rectangular,477009,10532,0,680
youtube#video,b_JhaHf78QfsCvk8F0DCTt_udQo,cFsCxZ2cwto,2021-05-22T06:00:17Z,UCbLq9tsbo8peV22VxbDAfXA,Samsung Galaxy A72 short review #shorts,"Samsung has made the new Galaxy A-series phones hard to ignore and the Galaxy A72 is inching ever closer to  flagship territory. 

â–¶ Check out our video review to learn all you need to know!
https://www.youtube.com/watch?v=Gir-FHDMXtM","{'default': {'url': 'https://i.ytimg.com/vi/cFsCxZ2cwto/default.jpg', 'width': 120, 'height': 90}, 'medium': {'url': 'https://i.ytimg.com/vi/cFsCxZ2cwto/mqdefault.jpg', 'width': 320, 'height': 180}, 'high': {'url': 'https://i.ytimg.com/vi/cFsCxZ2cwto/hqdefault.jpg', 'width': 480, 'height': 360}, 'standard': {'url': 'https://i.ytimg.com/vi/cFsCxZ2cwto/sddefault.jpg', 'width': 640, 'height': 480}, 'maxres': {'url': 'https://i.ytimg.com/vi/cFsCxZ2cwto/maxresdefault.jpg', 'width': 1280, 'height': 720}}",GSMArena Official,"['review', 'preview', 'demo', 'video', 'unboxing']",28,none,en,PT1M,2d,hd,false,True,rectangular,446997,13412,0,105
youtube#video,JusvKHpiCQ7WiKaXbkT1hASjWb4,HQEUd9Rw1SI,2021-12-08T19:00:12Z,UCkomCtalGtIFwbkoiEEju_A,Biliyom bilmiyom,,"{'default': {'url': 'https://i.ytimg.com/vi/HQEUd9Rw1SI/default.jpg', 'width': 120, 'height': 90}, 'medium': {'url': 'https://i.ytimg.com/vi/HQEUd9Rw1SI/mqdefault.jpg', 'width': 320, 'height': 180}, 'high': {'url': 'https://i.ytimg.com/vi/HQEUd9Rw1SI/hqdefault.jpg', 'width': 480, 'height': 360}, 'standard': {'url': 'https://i.ytimg.com/vi/HQEUd9Rw1SI/sddefault.jpg', 'width': 640, 'height': 480}, 'maxres': {'url': 'https://i.ytimg.com/vi/HQEUd9Rw1SI/maxresdefault.jpg', 'width': 1280, 'height': 720}}",EfSaNe SuBisss,,22,none,none,PT1M1S,2d,hd,false,False,rectangular,334651,724,0,55
youtube#video,CNo1wBlnLec-ufdC0UJK2Ow8Irw,yaIalO-gRTI,2021-06-21T04:24:27Z,UCK6cr8UqdrKZ4213X-FOStQ,Midnight Cowboy â€¢ Everybody's Talkin' â€¢ Harry Nilsson,"Soundtrack from the 1969 John Schlesinger film, ""Midnight Cowboy,"" with Jon Voight, Dustin Hoffman, Brenda Vaccaro, Sylvia Miles, John McGiver, Barnard Hughes, Jennifer Salt & Bob Balaban. --- HD Film Tributes is a channel with over three hundred movie homages currently posted. We make zero money from YouTube as obviously none of these edits will ever be monetized by us. Any and all ad revenue from these videos goes directly to Google as well as to the various copyright owners, the film studios and the recording industry. -- Please consider supporting HD Film Tributes and our editing efforts with a donation via PayPal. Your help will be very much appreciated. Thank you! - https://paypal.me/HDFilmTributes","{'default': {'url': 'https://i.ytimg.com/vi/yaIalO-gRTI/default.jpg', 'width': 120, 'height': 90}, 'medium': {'url': 'https://i.ytimg.com/vi/yaIalO-gRTI/mqdefault.jpg', 'width': 320, 'height': 180}, 'high': {'url': 'https://i.ytimg.com/vi/yaIalO-gRTI/hqdefault.jpg', 'width': 480, 'height': 360}, 'standard': {'url': 'https://i.ytimg.com/vi/yaIalO-gRTI/sddefault.jpg', 'width': 640, 'height': 480}}",HD Film Tributes,,24,none,none,PT2M53S,2d,hd,false,False,rectangular,313126,4211,0,192
youtube#video,YAB-S_TLwOXBXcf2MJcJfi6HEos,536gZ6Qjk4Q,2021-10-26T13:27:34Z,UCnZ_qV6TEotWqscaK5qODQw,Built for Life: Stanley Stories,"Stanley products are built for every adventure. Tough insulated food & beverage gear with a lifetime warranty.

Stanley Stories for Stanley people. Find out more: https://eu.stanley1913.com/blogs/stanley-stories","{'default': {'url': 'https://i.ytimg.com/vi/536gZ6Qjk4Q/default.jpg', 'width': 120, 'height': 90}, 'medium': {'url': 'https://i.ytimg.com/vi/536gZ6Qjk4Q/mqdefault.jpg', 'width': 320, 'height': 180}, 'high': {'url': 'https://i.ytimg.com/vi/536gZ6Qjk4Q/hqdefault.jpg', 'width': 480, 'height': 360}, 'standard': {'url': 'https://i.ytimg.com/vi/536gZ6Qjk4Q/sddefault.jpg', 'width': 640, 'height': 480}, 'maxres': {'url': 'https://i.ytimg.com/vi/536gZ6Qjk4Q/maxresdefault.jpg', 'width': 1280, 'height': 720}}",Stanley Europe,,24,none,none,PT48S,2d,hd,true,False,rectangular,265137,28,0,1
youtube#video,Lmgvoi7QB5W7lYII4fr_5IWb40c,bYmCT_AmfyU,2021-09-09T17:00:16Z,UCoIlFkPDq7paFeujY5J-q7g,3 ESSENTIAL Tips for War in EU4,"Today we look at an EU4 tutorial or EU4 war guide featuring my top 3 essential tips for war. These include scortching the earth, shift + consolidate and surrounding sieges. A war strategy in EU4 is hard to come by so I thought I'd make this brief list to help you become the next napoleon! With this, you can defeat eu4 coalitions and even the ottomans!

Live on Twitch! - http://www.twitch.tv/thesocialstreamers

Join our Discord! - https://discord.gg/sg8MGmG

Help us out on Patreon: https://www.patreon.com/TheSocialStreamers

Follow us on Twitter: https://twitter.com/S0cialStreamers

Shoutout to our Patreon Supporters!

God Ruler Tier:

Henriki
Cultcow
Jakeeey
Flyerton99

Emperor Tier:

Aeris
Cutaline
Of the Dragon
RedGuard76

King Tier:

MrShalltz
Kronik
Ignacio
Akemies
Brandon
Zrekz
Red Star
Family187

#eu4 #shorts #short","{'default': {'url': 'https://i.ytimg.com/vi/bYmCT_AmfyU/default.jpg', 'width': 120, 'height': 90}, 'medium': {'url': 'https://i.ytimg.com/vi/bYmCT_AmfyU/mqdefault.jpg', 'width': 320, 'height': 180}, 'high': {'url': 'https://i.ytimg.com/vi/bYmCT_AmfyU/hqdefault.jpg', 'width': 480, 'height': 360}, 'standard': {'url': 'https://i.ytimg.com/vi/bYmCT_AmfyU/sddefault.jpg', 'width': 640, 'height': 480}, 'maxres': {'url': 'https://i.ytimg.com/vi/bYmCT_AmfyU/maxresdefault.jpg', 'width': 1280, 'height': 720}}",Laith - TheSocialStreamers,"['eu4', 'social streamers', 'eu4 socialstreamers', 'socialstreamers eu4', 'eu4 social streamers', 'socialstreamers', 'meme', 'discord', 'twitch', 'discord challenge', 'twitch challenge', 'eu4 but', 'eu4 leviathan', 'eu4 war', 'eu4 top 10', '3 ESSENTIAL Tips for War in eu4', 'eu4 war guide', 'eu4 war tips', 'eu4 guide', 'eu4 tutorial', 'eu4 tutorial 2021', 'eu4 guide 2021', 'eu4 guide 1.31', 'eu4 1.31', 'eu4 tutorial for beginners 2021', 'war eu4', 'eu4 mp', 'eu4 mp guide', 'eu4 mp war', 'eu4 war mp', 'eu4 multiplayer']",20,none,none,PT39S,2d,hd,false,True,rectangular,252553,11436,0,95
youtube#video,0UKUEueaeVM2PmAj3l_1ruiah_A,mGq92qJumhs,2021-07-21T22:03:56Z,UCoIlFkPDq7paFeujY5J-q7g,EU4 Tutorial - How to Get a Girlfriend.,"Welcome to our very first EU4 Short! In this video I show you an EU4 tutorial on how to get a girlfriend! A much demanded EU4 guide to getting a GF! Do let us know what you think of this style of video and what other sort of content we can make!

Remember, this is an EU4 Tutorial - How to Get a Girlfriend.

Live on Twitch! - http://www.twitch.tv/thesocialstreamers

Join our Discord! - https://discord.gg/sg8MGmG

Help us out on Patreon: https://www.patreon.com/TheSocialStreamers

Follow us on Twitter: https://twitter.com/S0cialStreamers

Shoutout to our Patreon Supporters!

God Ruler Tier:

Henriki
Cultcow
Jakeeey
Flyerton99

Emperor Tier:

Aeris
Cutaline
Of the Dragon
RedGuard76

King Tier:

MrShalltz
Kronik
Ignacio
Akemies
Brandon
Zrekz
Red Star
Family187

#shorts #eu4","{'default': {'url': 'https://i.ytimg.com/vi/mGq92qJumhs/default.jpg', 'width': 120, 'height': 90}, 'medium': {'url': 'https://i.ytimg.com/vi/mGq92qJumhs/mqdefault.jpg', 'width': 320, 'height': 180}, 'high': {'url': 'https://i.ytimg.com/vi/mGq92qJumhs/hqdefault.jpg', 'width': 480, 'height': 360}, 'standard': {'url': 'https://i.ytimg.com/vi/mGq92qJumhs/sddefault.jpg', 'width': 640, 'height': 480}, 'maxres': {'url': 'https://i.ytimg.com/vi/mGq92qJumhs/maxresdefault.jpg', 'width': 1280, 'height': 720}}",Laith - TheSocialStreamers,"['eu4', 'social streamers', 'eu4 socialstreamers', 'socialstreamers eu4', 'eu4 social streamers', 'socialstreamers', 'eu4 leviathan', 'eu4 1.31', 'eu4 shorts', 'shorts eu4', 'shorts', 'youtube shorts', 'eu4 meme', 'meme eu4', 'eu4 girlfriend', 'eu4 gf', 'girlfriend eu4', 'gf eu4', 'eu4 tutorial', 'eu4 guide', 'tutorial eu4', 'guide eu4', 'eu4 achievements', 'eu4 memes', 'eu4 meme gf', 'eu4 meme girlfriend', 'eu4 meme byzantium', 'eu4 uninstall', 'eu4 mods', 'mods eu4', 'eu4 mod', 'eu4 top 10', 'eu4 france', 'eu4 byzantium']",20,none,none,PT15S,2d,hd,false,True,rectangular,243831,14030,0,389
youtube#video,ImJaW-f9_0oC9xY0B6t3RuRsmcI,pcCQfEdlatQ,2021-08-18T12:45:03Z,UCLsrDKheyHv7GYsTkMaw2bw,åœŸæ©˜CPå°å‰§åœºä¹‹é€å›´å·¾ | ä¸Šæ¸¸A River Runs Through It - BTS | ç‹ç‘æ˜Œ/èƒ¡æ„æ—‹/é™ˆåšè±ª/æˆšç šç¬›/å§œå“å›,"ã€æ¬¢è¿åŠ å…¥é¢‘é“ä¼šå‘˜ï¼Œäº«ä¼šå‘˜ä¸“å±æ›´æ–°Join Membership:ã€‘â–¶ï¼šhttps://www.youtube.com/channel/UCLsrDKheyHv7GYsTkMaw2bw/join
ã€æ¬¢è¿è®¢é˜…ã€‘ä¼˜ä¼˜é’æ˜¥å‰§åœºâ–¶ï¼šhttps://www.youtube.com/user/YoYoTVseries?sub_confirmation=1
ã€Šä¸Šæ¸¸A River Runs Through Itã€‹å…¨é›†ğŸ‘‰ï¼šhttps://www.youtube.com/playlist?list=PLn2OUPvQDE2tIOnAGEZLXYIG-Kst23gdt
ã€Šä¸Šæ¸¸A River Runs Through Itã€‹å®˜æ–¹é¢„å‘ŠOfficial TrailerğŸ‘‰ï¼šhttps://www.youtube.com/playlist?list=PLn2OUPvQDE2v70y0oyliJfH6b6-ifJSaA
ã€Šä¸Šæ¸¸A River Runs Through Itã€‹clip & BTSğŸ‘‰ï¼šhttps://www.youtube.com/playlist?list=PLn2OUPvQDE2tf2RXkpIiFT0RrGstueyEB

å‰§åâ–¶ä¸Šæ¸¸A River Runs Through It
é›†æ•°â–¶36é›†
æ¼”å‘˜â–¶ç‹ç‘æ˜Œ/èƒ¡æ„æ—‹/é™ˆåšè±ª/æˆšç šç¬›/å§œå“å›
            ç‹ç‘æ˜Œâ—¸ä»£è¡¨ä½œï¼šã€ŠåŒä¸–å® å¦ƒThe Eternal Loveã€‹â—¿
            èƒ¡æ„æ—‹â—¸ä»£è¡¨ä½œï¼šã€Šè´ºå…ˆç”Ÿçš„æ‹æ‹ä¸å¿˜Unforgettable Loveã€‹â—¿
å‰§æƒ…ç®€ä»‹â–¶å¤å°æ©˜åœ¨é«˜è€ƒå‰è½¬å…¥æ–°çš„å­¦æ ¡ï¼Œç»“è¯†äº†ä¸€ç¾¤æ–°ä¼™ä¼´ï¼Œå®½åšçš„ç¨‹æœ—ã€ç‡æ€§çš„é™†æ¹œç¥ã€è¿·ç³Šçš„é‚±ä¹é™¶ç­‰ï¼Œå°½ç®¡æ–°ç¯å¢ƒè®©å¥¹æ…Œä¹±ã€å’Œæ–°ä¼™ä¼´çš„ç›¸è¯†ä¹Ÿä»ä¸€è¿ä¸²å°è¯¯ä¼šå¼€å§‹ï¼Œä½†å¦è¯šçš„ç›¸å¤„å’Œç›¸äº’å¸®åŠ©è®©å¹´è½»äººä»¬ç»“ä¸‹æ·±åšçš„å‹è°Šã€‚å­¦ä¸šä¸Šçš„äº’å¸®äº’æ¯”ã€è¿åŠ¨ä¼šçš„å›¢ç»“ä¸€è‡´è®©ä»–ä»¬çš„å‹æƒ…ä¸æ–­å‡æ¸©ï¼Œè€Œåˆ†äº«å„è‡ªçš„å®¶åº­å›°æ‰°å’Œæœªæ¥çš„å¿—æ„¿é€‰æ‹©ï¼Œä¹Ÿè®©ä»–ä»¬å…±åŒä½“éªŒç€æˆé•¿çš„æ»‹å‘³ã€‚é«˜è€ƒç»ˆäºæ¥ä¸´ï¼Œç¨‹æœ—å› ä¸ºæ•‘äººè€½æå‘æŒ¥ä¸ä½³é”™è¿‡å¿ƒä»ªçš„ä¸“ä¸šï¼Œé™†æ¹œç¥ç’ç€å®¶äººå¡«æŠ¥çˆ¶äº²æœ€åå¯¹çš„ä¸“ä¸šï¼Œå¤å°æ©˜å’Œé‚±ä¹é™¶å‘æŒ¥è¶…å¸¸è€ƒå…¥æ¢¦æƒ³çš„å­¦æ ¡ã€‚å¹´è½»äººä»¬åœ¨å¤§å­¦ç”Ÿæ´»ä¸­é‡åˆ°æ–°çš„éš¾é¢˜ã€‚ç¨‹æœ—é¢å¯¹è·¨ä¸“ä¸šå­¦ä¹ çš„è‰°éš¾ã€é™†æ¹œç¥è¦å…‹æœå¿ƒç†éšœç¢ã€å°æ©˜é­é‡äº†äººç”Ÿæ–¹å‘çš„è¿·æƒ˜ï¼Œä½†ä»–ä»¬è¿éš¾è€Œä¸Šã€ç›¸äº’æ‰¶æŒï¼Œåœ¨è¿·æƒ˜ä¸æŒ«æŠ˜ä¸­é€æ¸ç¡®ç«‹äº†äººç”Ÿæ¢¦æƒ³ï¼Œä¹Ÿä½“éªŒç€å‹æƒ…ä¸çˆ±æƒ…çš„ç”œé…¸è‹¦è¾£ã€‚å¤å°æ©˜å’Œå¥¹çš„ä¼™ä¼´ä»¬æ”¶è·çš„å°±æ˜¯è¿™æ ·ä¸€æ®µæ¸©æš–ä¸å¥‹æ–—çš„é’æ˜¥ã€‚

#ä¸Šæ¸¸ #ä¼˜ä¼˜é’æ˜¥å‰§åœº #ARiverRunsThroughIt #çœ¼æ³ªçš„ä¸Šæ¸¸ #ä¸Šæ¸¸01 #ç‹ç‘æ˜Œ #èƒ¡æ„æ—‹ #é™ˆåšè±ª #æˆšç šç¬› #å§œå“å› #YoYoFunStation #çˆ±æƒ… #æ ¡å›­ #é’æ˜¥ #éƒ½å¸‚ #Chinesedrama

â˜›â˜›â˜›æ›´å¤šç²¾å½©å†…å®¹ï¼š
ã€Šå¤§å”å°åƒè´§Gourmet in Tang Dynastyã€‹å…¨é›†ğŸ‘‰ï¼šhttps://www.youtube.com/playlist?list=PLn2OUPvQDE2tEESyyaHsZCIKNKxu3KiSF
ã€Šæ”¾å­¦åˆ«èµ°Don't Leave After Schoolã€‹ğŸ‘‰ï¼šhttps://www.youtube.com/playlist?list=PLn2OUPvQDE2slUur5yX698Vu3xTmPwZ0I
ã€Šæ¸…è½Qing Luoã€‹ğŸ‘‰ï¼šhttps://www.youtube.com/playlist?list=PLn2OUPvQDE2tKMkUlaN59gnAmH-ydC7Cm
ã€Šæ¸…è½Qing Luoã€‹Trailer & BTSğŸ‘‰ï¼šhttps://www.youtube.com/playlist?list=PLn2OUPvQDE2shrO4u65G7nZMwlY3HhpHk
ã€Šçš®å›Šä¹‹ä¸‹ UGLY BEAUTYã€‹ğŸ‘‰ï¼šhttps://www.youtube.com/playlist?list=PLn2OUPvQDE2sisOnY-JIQQp8ZzBmTZvav
ã€ŠèŠ±å¥½æœˆåˆåœ†Truth or Dareã€‹ğŸ‘‰ï¼šhttps://www.youtube.com/playlist?list=PLn2OUPvQDE2uMmnQKkR6X_3RjB-qgVRwJ
ã€Šå¸è—¤RATTANã€‹ğŸ‘‰ï¼šhttps://www.youtube.com/watch?v=sYMUDpsJpnw&list=PLn2OUPvQDE2utdnlw9tBmt58U_JrfF52g&index=1
ã€Šå…¨ä¸–ç•Œéƒ½ä¸å¦‚ä½  She is The Oneã€‹ğŸ‘‰ï¼šhttps://www.youtube.com/playlist?list=PLn2OUPvQDE2vo64dkaM60iRXx_0MyaAMK
ã€ŠèŠ¸æ±ä¼ Legend of Yunxiã€‹ğŸ‘‰ï¼šhttps://www.youtube.com/playlist?list=PLn2OUPvQDE2uAwbsKtSTVH_vOMRJptMn9
ã€Šé•‡é­‚Guardianã€‹ğŸ‘‰ï¼šhttps://www.youtube.com/playlist?list=PLn2OUPvQDE2urZi37nlhyhYIBx9kQwVQ-
ã€Šæˆ‘æ›¾è®°å¾—é‚£ç”·å­©ã€‹ğŸ‘‰ï¼šhttps://www.youtube.com/watch?v=UlU5I1PDnW4&list=PLn2OUPvQDE2t20Ie9yW-8PuOclitOrkGy
ã€Šç²¾å‡†å°„å‡»Precise Shotã€‹ğŸ‘‰ï¼šhttps://www.youtube.com/playlist?list=PLn2OUPvQDE2t3FL--R2sTcfyvcuaBSMRo
ã€Šä½ å¬èµ·æ¥å¾ˆç”œYou Are So Sweetã€‹ğŸ‘‰ï¼šhttps://www.youtube.com/playlist?list=PLn2OUPvQDE2t7UQrg_pe6aU7QQTLH7cCA
ã€Šæˆ‘å‡­æœ¬äº‹å•èº«Professional Singleã€‹ğŸ‘‰ï¼šhttps://www.youtube.com/playlist?list=PLn2OUPvQDE2s8tkeAPccwT4wNvt_86zXV

â˜›â˜›â˜›è®¢é˜…ä¼˜ä¼˜æ›´å¤šç²¾å½©é¢‘é“Subscribe Now~ ç›´æ¥ç‚¹å‡»è§‚çœ‹ï¼åŠ å…³æ³¨å“¦~ï¼ 
â€»ä¼˜ä¼˜ç‹¬æ’­å‰§åœºYoYo Television Series Exclusiveâ€”â€”https://www.youtube.com/user/TheTvseriesofficial
â€»ä¼˜ä¼˜è‹±è¯­å®˜æ–¹é¢‘é“YoYo English Channel: https://goo.gl/HDVZCU 
â€»ä¼˜ä¼˜é˜¿æ‹‰ä¼¯è¯­å®˜æ–¹é¢‘é“YoYo Arabic Channel https://bit.ly/2Ueqksm 
ä¼˜ä¼˜ä¿„è¯­å®˜æ–¹é¢‘é“ YoYo Russian Channel: https://bit.ly/2Umj3Hb
â€»ä¼˜ä¼˜å°å°¼è¯­å®˜æ–¹é¢‘é“YoYo Indonesian Channel https://bit.ly/33ye0r5 
â€»ä¼˜ä¼˜æ³°è¯­å®˜æ–¹é¢‘é“YoYo Thai Channel: https://bit.ly/3d7JAk5 
â€»ä¼˜ä¼˜è¥¿ç­ç‰™è¯­å®˜æ–¹é¢‘é“YoYo Spanish Channel: https://bit.ly/3bafmL8 
â€»ä¼˜ä¼˜è‘¡è„ç‰™è¯­å®˜æ–¹é¢‘é“YoYo Portuguesa Channel: https://bit.ly/38WWsWF 
â€»ä¼˜ä¼˜æ—¥è¯­å®˜æ–¹é¢‘é“YoYo Japanese Channel: https://bit.ly/395StHj 
â€»ä¼˜ä¼˜éŸ©è¯­å®˜æ–¹é¢‘é“YoYo Korean Channel: https://bit.ly/2UoHuUq 
â€»ä¼˜ä¼˜æ³•è¯­å®˜æ–¹é¢‘é“YoYo French Channel: https://bit.ly/3dbcEXP 
â€»ä¼˜ä¼˜æ„å¤§åˆ©è¯­å®˜æ–¹é¢‘é“YoYo Italian Channel: https://bit.ly/2QpfHSf 

ä¼˜ä¼˜ç²‰ä¸ç¦åˆ©ä¸“åŒº â€‹
è‹±æ–‡ç‰ˆç¦åˆ©ä¸“åŒº https://bit.ly/393utog 
â€»å…³æ³¨Facebook https://goo.gl/Q9SxBw 
â€»å…³æ³¨Twitter https://goo.gl/1oVrHy","{'default': {'url': 'https://i.ytimg.com/vi/pcCQfEdlatQ/default.jpg', 'width': 120, 'height': 90}, 'medium': {'url': 'https://i.ytimg.com/vi/pcCQfEdlatQ/mqdefault.jpg', 'width': 320, 'height': 180}, 'high': {'url': 'https://i.ytimg.com/vi/pcCQfEdlatQ/hqdefault.jpg', 'width': 480, 'height': 360}, 'standard': {'url': 'https://i.ytimg.com/vi/pcCQfEdlatQ/sddefault.jpg', 'width': 640, 'height': 480}, 'maxres': {'url': 'https://i.ytimg.com/vi/pcCQfEdlatQ/maxresdefault.jpg', 'width': 1280, 'height': 720}}",ä¼˜ä¼˜é’æ˜¥å‰§åœºâ€”â€”YoYo Fun Station,"['é’æ˜¥', 'å¶åƒ', 'åŒæ­¥', 'å›½äº§å‰§', 'å›½äº§å¶åƒå‰§', 'è¨€æƒ…', 'ç°ä»£å‰§', 'ä¸Šæ¸¸', 'çœ¼æ³ªçš„ä¸Šæ¸¸', 'ä¸Šæ¸¸01', 'ç”µè§†å‰§ä¸Šæ¸¸', 'ç‹ç‘æ˜Œ', 'èƒ¡æ„æ—‹', 'ç‹ç‘æ˜Œä¸Šæ¸¸', 'èƒ¡æ„æ—‹ä¸Šæ¸¸', 'é™ˆåšè±ª', 'é™ˆåšè±ªä¸Šæ¸¸', 'æˆšç šç¬›', 'wangruichang', 'huyixuan', 'chenbohao', 'qiyandi', 'jiangjunzhuo', 'éƒ½å¸‚', 'çˆ±æƒ…', 'æ ¡å›­', 'ä¸Šæ¸¸å…¨é›†', 'ä¸Šæ¸¸ç”µè§†å‰§', 'chinese drama', 'ä¸­å›½ç”µè§†å‰§', 'æ ¡å›­å‰§', 'ç”œå® ', 'æ‹çˆ±', 'å§œå“å›', 'ä¼˜ä¼˜é’æ˜¥å‰§åœº', 'é¢„å‘Š', 'trailer', 'å‰§æƒ…', 'æ­£ç‰‡', 'yoyo fun station', 'ç”µè§†å‰§', 'drama', 'ç‹ç‘æ˜Œ ç”µè§†å‰§', 'wang ruichang', 'hu yixuan']",1,none,zh,PT23S,2d,hd,false,True,rectangular,226500,19572,0,105
youtube#video,f2H6i24Ji8xzyT8w9tDbt3wvUww,0-4QtfQFtHc,2021-10-11T19:15:00Z,UCs1HcDiXFdZ24hWdTczj6Wg,Apex Legends Tips and Tricks: CAUSTIC TRAPS! | #Shorts,"Welcome back everyone! Today we take a quick look at some Apex Legends Tips and Tricks! Specifically some Caustic Traps tips and tricks. Apex Legends Caustic is a great legend right now with a lot of different play styles. Caustic is no joke and you shouldn't sleep on some of these Apex Tips to help you become a better Caustic in Apex Legends.

Let me know what other legends we should look at soon and if these Caustic Tips for Apex Legends are helpful! #Shorts

âœ…If you enjoyed the video, hit the like button. Thanks for the support!
ğŸ””Subscribe to the channel for more content! Turn on notifications!
ğŸ’– Support the channel and become a member! Click the Join Link above!

â–¬â–¬â–¬â–¬â–¬â–¬â–¬â–¬â–¬â–¬â–¬â–¬â–¬â–¬â–¬â–¬â–¬â–¬

ğŸ®Catch me live at https://www.twitch.tv/timprovision
ğŸ¥Follow me on Twitter for all the updates! https://twitter.com/timprovision
ğŸ’ªJoin the Discord Community and play together! https://discord.gg/hmbMYF5
ğŸ¥Check out my Tiktok for more clips and tutorials! https://www.tiktok.com/@timprovision?lang=en
ğŸ“¸Follow me on Instagram! https://www.instagram.com/timprovision/
ğŸ®Check out my second channel! https://www.youtube.com/channel/UC8IlmCIvzIUX-AdEIvwCU8A

â–¬â–¬â–¬â–¬â–¬â–¬â–¬â–¬â–¬â–¬â–¬â–¬â–¬â–¬â–¬â–¬â–¬â–¬

The Gear I Use!
Controller: https://amzn.to/2VA1HL7
Headset: https://amzn.to/2UHUCYg
Mouse: https://amzn.to/2VB90SP
Keyboard: https://amzn.to/36uU4HQ
Mousepad: https://amzn.to/2U5pO3V
Microphone: https://amzn.to/2TWNhnY
Gaming Laptop: https://amzn.to/3AMGoVZ
Webcam: https://amzn.to/3wF81xE
Sony Camera: https://amzn.to/3yH9apY
Wide Angle Lens: https://amzn.to/3i1gtSL
Xbox Series X: https://amzn.to/2VA38Jv
Speakers: https://amzn.to/3edwUtV

Stream Gear:
Stream Deck: https://amzn.to/3xBo9Sa
Lighting: https://amzn.to/3wys6FJ
Light Strips: https://amzn.to/3i1tYBL

DISCLAIMER: Links included in this description might be affiliate links. If you purchase a product or service with the links that I provide I may receive a small commission. There is no additional charge to you! Thank you for supporting my channel so I can continue to provide you with free content on a regular basis!

â–¬â–¬â–¬â–¬â–¬â–¬â–¬â–¬â–¬â–¬â–¬â–¬â–¬â–¬â–¬â–¬â–¬â–¬

#CausticTips #ApexTips","{'default': {'url': 'https://i.ytimg.com/vi/0-4QtfQFtHc/default.jpg', 'width': 120, 'height': 90}, 'medium': {'url': 'https://i.ytimg.com/vi/0-4QtfQFtHc/mqdefault.jpg', 'width': 320, 'height': 180}, 'high': {'url': 'https://i.ytimg.com/vi/0-4QtfQFtHc/hqdefault.jpg', 'width': 480, 'height': 360}, 'standard': {'url': 'https://i.ytimg.com/vi/0-4QtfQFtHc/sddefault.jpg', 'width': 640, 'height': 480}, 'maxres': {'url': 'https://i.ytimg.com/vi/0-4QtfQFtHc/maxresdefault.jpg', 'width': 1280, 'height': 720}}",TimProVision,"['TimProVision', 'apex', 'apex legends', 'Apex Legends caustic', 'caustic', 'Apex Legends Tips and Tricks', '#shorts', 'shorts', 'Apex Legends caustic Tips', '60 Seconds Tips', 'caustic Tips', '5 caustic Tips', 'caustic apex legends', 'apex legends caustic gameplay', 'Apex Legends caustic Tips and Tricks', 'apex legends tips for beginners', 'Apex caustic Tips and Tricks', 'Apex Legends Season 9 Tips and Tricks', 'apex legends caustic', 'apex legends caustic tips', 'caustic tips', 'apex tips', 'apex tips and tricks']",20,none,none,PT1M,2d,hd,false,True,rectangular,190195,11796,0,83
youtube#video,ux6DnNgP5YjU9VPRL7pCGV0opys,2wZI8UAYdwo,2021-01-15T23:32:09Z,UCTvYEid8tmg0jqGPDkehc_Q,Orange Chicken #shorts,"This is my better than take out orange chicken recipe! What do you guys think, should I make a full length video? 

RECIPE: https://preppykitchen.com/orange-chicken/

SUBSCRIBE â–ºhttps://www.youtube.com/channel/UCTvYEid8tmg0jqGPDkehc_Q?sub_confirmation=1
--------------------------------------------------------------------------
ADD ME ON:
Tiktok: https://vm.tiktok.com/ZMJxw57rA/
Instagram: http://instagram.com/PreppyKitchen
Pinterest: https://www.pinterest.com/PreppyKitchen
Website: http://www.PreppyKitchen.com
Amazon: https://www.amazon.com/shop/preppykitchen
Facebook: http://www.facebook.com/PreppyKitchen

#shorts","{'default': {'url': 'https://i.ytimg.com/vi/2wZI8UAYdwo/default.jpg', 'width': 120, 'height': 90}, 'medium': {'url': 'https://i.ytimg.com/vi/2wZI8UAYdwo/mqdefault.jpg', 'width': 320, 'height': 180}, 'high': {'url': 'https://i.ytimg.com/vi/2wZI8UAYdwo/hqdefault.jpg', 'width': 480, 'height': 360}, 'standard': {'url': 'https://i.ytimg.com/vi/2wZI8UAYdwo/sddefault.jpg', 'width': 640, 'height': 480}, 'maxres': {'url': 'https://i.ytimg.com/vi/2wZI8UAYdwo/maxresdefault.jpg', 'width': 1280, 'height': 720}}",Preppy Kitchen,"['orange chicken', 'chicken recipe', 'fried chicken', 'orange chicken recipe', 'preppy kitchen']",26,none,none,PT37S,2d,hd,true,True,rectangular,157079,8423,0,379
youtube#video,TlwgXod4DdoJATpFlWN-_Guf250,u3A2UhlUC2w,2021-03-27T20:00:06Z,UCpOlOeQjj7EsVnDh3zuCgsA,Soldering Raspberry Pi Pico - Collinâ€™s Lab Notes #raspberrypi #adafruit #collinslabnotes #adafruit,"Pick up a Pico at Adafruit:
https://www.adafruit.com/product/4883

Get your Pico prepped for usage by soldering two strips of headers - and youâ€™re good to go. #raspberrypi #adafruit #collinslabnotes

Visit the Adafruit shop online - http://www.adafruit.com

-----------------------------------------
LIVE CHAT IS HERE! http://adafru.it/discord

Adafruit on Instagram: https://www.instagram.com/adafruit

Subscribe to Adafruit on YouTube: http://adafru.it/subscribe

New tutorials on the Adafruit Learning System: http://learn.adafruit.com/
-----------------------------------------","{'default': {'url': 'https://i.ytimg.com/vi/u3A2UhlUC2w/default.jpg', 'width': 120, 'height': 90}, 'medium': {'url': 'https://i.ytimg.com/vi/u3A2UhlUC2w/mqdefault.jpg', 'width': 320, 'height': 180}, 'high': {'url': 'https://i.ytimg.com/vi/u3A2UhlUC2w/hqdefault.jpg', 'width': 480, 'height': 360}, 'standard': {'url': 'https://i.ytimg.com/vi/u3A2UhlUC2w/sddefault.jpg', 'width': 640, 'height': 480}, 'maxres': {'url': 'https://i.ytimg.com/vi/u3A2UhlUC2w/maxresdefault.jpg', 'width': 1280, 'height': 720}}",Adafruit Industries,"['adafruit', 'electronics', 'diy', 'arduino', 'hardware', 'opensource', 'projects', 'raspberry', 'pi', 'computer', 'raspberrypi', 'microcontrollers', 'limor', 'limorfried', 'ladyada', 'STEAM', 'STEM', 'python', 'microbit', 'circuitpython', 'neopixel', 'neopixels', 'raspberry pi', 'circuitplaygound', 'nyc', 'make', 'makers', 'micro:bit', 'adafrit', 'adafruit promo code', 'ada fruit', 'adafruit coupons', 'raspberry pi zero', 'micropython', 'machine learning', 'ai', 'tensorflow']",28,none,none,PT58S,2d,hd,false,True,rectangular,156354,7270,0,58
youtube#video,JvlXrQCweVRM3l_BThYjFLnl6vQ,7dIh8TBCm-8,2021-09-04T12:00:07Z,UC3ByF8DcZ3yxUs7VP1NOuyA,Fix iPhone X No Service by Jumping Wire #Shorts,"The iPhone X has no baseband, no IMEI number, and no service. Check out this video to see how we fix the problem by making jumper wires.","{'default': {'url': 'https://i.ytimg.com/vi/7dIh8TBCm-8/default.jpg', 'width': 120, 'height': 90}, 'medium': {'url': 'https://i.ytimg.com/vi/7dIh8TBCm-8/mqdefault.jpg', 'width': 320, 'height': 180}, 'high': {'url': 'https://i.ytimg.com/vi/7dIh8TBCm-8/hqdefault.jpg', 'width': 480, 'height': 360}, 'standard': {'url': 'https://i.ytimg.com/vi/7dIh8TBCm-8/sddefault.jpg', 'width': 640, 'height': 480}}",REWA Technology,"['REWA', 'REWA Technology', 'iPhone repair', 'iPhone X repair', 'jumping wire', 'jump wire', 'jumper wire', 'motherboard repair', 'iPhone motherboard repair', 'iPhone no service', 'iPhone no baseband', 'iPhone no IMEI number']",28,none,none,PT52S,2d,hd,false,True,rectangular,149458,5121,0,36
youtube#video,ZSWurtjqFOyqRrDWeX3adrrfakg,XxCuK7FEERE,2021-06-14T15:52:26Z,UCM4mUayOV-yfqPNzePbHKsw,Kinder Stuffed Pancakes! Recipe tutorial #Shorts,"How to make Kinder Stuffed Pancakes!

Hey guys, I'm Eloise! I make simple recipe tutorials across my social media

My main YouTube Channel is:  @Fitwaffle  

Check out this simple how to make Kinder Stuffed Pancakes! Super simple stuffed pancakes topped with a little Nutella! Great for fans of Kinder Chocolate! 

Like this video? check out my recipe tutorial playlist, and don't forget to subscribe ;)
https://www.youtube.com/playlist?list=PLSDOpZ5c27YLzVqnu6CjS0u7jstuHkYOo

#shorts #tutorial #baking #pancakes #recipe","{'default': {'url': 'https://i.ytimg.com/vi/XxCuK7FEERE/default.jpg', 'width': 120, 'height': 90}, 'medium': {'url': 'https://i.ytimg.com/vi/XxCuK7FEERE/mqdefault.jpg', 'width': 320, 'height': 180}, 'high': {'url': 'https://i.ytimg.com/vi/XxCuK7FEERE/hqdefault.jpg', 'width': 480, 'height': 360}, 'standard': {'url': 'https://i.ytimg.com/vi/XxCuK7FEERE/sddefault.jpg', 'width': 640, 'height': 480}, 'maxres': {'url': 'https://i.ytimg.com/vi/XxCuK7FEERE/maxresdefault.jpg', 'width': 1280, 'height': 720}}",Fitwaffle Kitchen,"['easy recipe', 'eloise head', 'eloisehead', 'fitwaffle', 'fitwafflekitchen', 'eloise head recipes', 'eloise head fit waffle', 'eloise head fitwaffle', 'recipe tutorial', 'Fitwaffle Kitchen', 'pancakes', 'mini pancakes', 'kinder chocolate', 'nutella']",24,none,none,PT21S,2d,hd,false,True,rectangular,120933,7466,0,55
